index,pos,bas,accession,base
51800,3700,g,1_Col-0,g
51801,3700,g,4_Cvi-0,g
51802,3700,g,7_Ler,g
51803,3700,g,3_C24,g
51804,3700,g,6_Kyo,g
51805,3700,g,5_Eri-1,g
51806,3700,g,8_Sha,g
51807,3700,g,2_An-1,g
51808,3700,-,1_Kas-1,-
51809,3700,-,5_Sku-30,-
51810,3700,-,5_Ler,-
51811,3700,-,5_Gro-3,-
51812,3700,-,8_Altai-5,-
51813,3700,-,8_Tsu-0,-
51814,3701,c,1_Col-0,c
51815,3701,c,4_Cvi-0,c
51816,3701,c,7_Ler,c
51817,3701,c,3_C24,c
51818,3701,c,6_Kyo,c
51819,3701,c,5_Eri-1,c
51820,3701,c,8_Sha,c
51821,3701,c,2_An-1,c
51822,3701,-,1_Kas-1,-
51823,3701,-,5_Sku-30,-
51824,3701,-,5_Ler,-
51825,3701,-,5_Gro-3,-
51826,3701,-,8_Altai-5,-
51827,3701,-,8_Tsu-0,-
51828,3702,t,1_Col-0,t
51829,3702,t,4_Cvi-0,t
51830,3702,t,7_Ler,t
51831,3702,t,3_C24,t
51832,3702,t,6_Kyo,t
51833,3702,t,5_Eri-1,t
51834,3702,t,8_Sha,t
51835,3702,t,2_An-1,t
51836,3702,-,1_Kas-1,-
51837,3702,-,5_Sku-30,-
51838,3702,-,5_Ler,-
51839,3702,-,5_Gro-3,-
51840,3702,-,8_Altai-5,-
51841,3702,-,8_Tsu-0,-
51842,3703,a,1_Col-0,a
51843,3703,a,4_Cvi-0,a
51844,3703,a,7_Ler,a
51845,3703,a,3_C24,a
51846,3703,a,6_Kyo,a
51847,3703,a,5_Eri-1,a
51848,3703,a,8_Sha,a
51849,3703,a,2_An-1,a
51850,3703,-,1_Kas-1,-
51851,3703,-,5_Sku-30,-
51852,3703,-,5_Ler,-
51853,3703,-,5_Gro-3,-
51854,3703,-,8_Altai-5,-
51855,3703,-,8_Tsu-0,-
51856,3704,t,1_Col-0,t
51857,3704,t,4_Cvi-0,t
51858,3704,t,7_Ler,t
51859,3704,t,3_C24,t
51860,3704,t,6_Kyo,t
51861,3704,t,5_Eri-1,t
51862,3704,t,8_Sha,t
51863,3704,t,2_An-1,t
51864,3704,-,1_Kas-1,-
51865,3704,-,5_Sku-30,-
51866,3704,-,5_Ler,-
51867,3704,-,5_Gro-3,-
51868,3704,-,8_Altai-5,-
51869,3704,-,8_Tsu-0,-
51870,3705,t,1_Col-0,t
51871,3705,t,4_Cvi-0,t
51872,3705,t,7_Ler,t
51873,3705,t,3_C24,t
51874,3705,t,6_Kyo,t
51875,3705,t,5_Eri-1,t
51876,3705,t,8_Sha,t
51877,3705,t,2_An-1,t
51878,3705,-,1_Kas-1,-
51879,3705,-,5_Sku-30,-
51880,3705,-,5_Ler,-
51881,3705,-,5_Gro-3,-
51882,3705,-,8_Altai-5,-
51883,3705,-,8_Tsu-0,-
51884,3706,c,1_Col-0,c
51885,3706,c,4_Cvi-0,c
51886,3706,c,7_Ler,c
51887,3706,c,3_C24,c
51888,3706,c,6_Kyo,c
51889,3706,c,5_Eri-1,c
51890,3706,c,8_Sha,c
51891,3706,c,2_An-1,c
51892,3706,-,1_Kas-1,-
51893,3706,-,5_Sku-30,-
51894,3706,-,5_Ler,-
51895,3706,-,5_Gro-3,-
51896,3706,-,8_Altai-5,-
51897,3706,-,8_Tsu-0,-
51898,3707,g,1_Col-0,g
51899,3707,g,4_Cvi-0,g
51900,3707,g,7_Ler,g
51901,3707,g,3_C24,g
51902,3707,g,6_Kyo,g
51903,3707,g,5_Eri-1,g
51904,3707,g,8_Sha,g
51905,3707,g,2_An-1,g
51906,3707,-,1_Kas-1,-
51907,3707,-,5_Sku-30,-
51908,3707,-,5_Ler,-
51909,3707,-,5_Gro-3,-
51910,3707,-,8_Altai-5,-
51911,3707,-,8_Tsu-0,-
51912,3708,c,1_Col-0,c
51913,3708,c,4_Cvi-0,c
51914,3708,c,7_Ler,c
51915,3708,c,3_C24,c
51916,3708,c,6_Kyo,c
51917,3708,c,5_Eri-1,c
51918,3708,c,8_Sha,c
51919,3708,c,2_An-1,c
51920,3708,-,1_Kas-1,-
51921,3708,-,5_Sku-30,-
51922,3708,-,5_Ler,-
51923,3708,-,5_Gro-3,-
51924,3708,-,8_Altai-5,-
51925,3708,-,8_Tsu-0,-
51926,3709,t,1_Col-0,t
51927,3709,t,4_Cvi-0,t
51928,3709,t,7_Ler,t
51929,3709,t,3_C24,t
51930,3709,t,6_Kyo,t
51931,3709,t,5_Eri-1,t
51932,3709,t,8_Sha,t
51933,3709,t,2_An-1,t
51934,3709,-,1_Kas-1,-
51935,3709,-,5_Sku-30,-
51936,3709,-,5_Ler,-
51937,3709,-,5_Gro-3,-
51938,3709,-,8_Altai-5,-
51939,3709,-,8_Tsu-0,-
51940,3710,g,1_Col-0,g
51941,3710,g,4_Cvi-0,g
51942,3710,g,7_Ler,g
51943,3710,g,3_C24,g
51944,3710,g,6_Kyo,g
51945,3710,g,5_Eri-1,g
51946,3710,g,8_Sha,g
51947,3710,g,2_An-1,g
51948,3710,-,1_Kas-1,-
51949,3710,-,5_Sku-30,-
51950,3710,-,5_Ler,-
51951,3710,-,5_Gro-3,-
51952,3710,-,8_Altai-5,-
51953,3710,-,8_Tsu-0,-
51954,3711,c,1_Col-0,c
51955,3711,c,4_Cvi-0,c
51956,3711,c,7_Ler,c
51957,3711,c,3_C24,c
51958,3711,c,6_Kyo,c
51959,3711,c,5_Eri-1,c
51960,3711,c,8_Sha,c
51961,3711,c,2_An-1,c
51962,3711,-,1_Kas-1,-
51963,3711,-,5_Sku-30,-
51964,3711,-,5_Ler,-
51965,3711,-,5_Gro-3,-
51966,3711,-,8_Altai-5,-
51967,3711,-,8_Tsu-0,-
51968,3712,t,1_Col-0,t
51969,3712,t,4_Cvi-0,t
51970,3712,t,7_Ler,t
51971,3712,t,3_C24,t
51972,3712,t,6_Kyo,t
51973,3712,t,5_Eri-1,t
51974,3712,t,8_Sha,t
51975,3712,t,2_An-1,t
51976,3712,-,1_Kas-1,-
51977,3712,-,5_Sku-30,-
51978,3712,-,5_Ler,-
51979,3712,-,5_Gro-3,-
51980,3712,-,8_Altai-5,-
51981,3712,-,8_Tsu-0,-
51982,3713,t,1_Col-0,t
51983,3713,t,4_Cvi-0,t
51984,3713,t,7_Ler,t
51985,3713,t,3_C24,t
51986,3713,t,6_Kyo,t
51987,3713,t,5_Eri-1,t
51988,3713,t,8_Sha,t
51989,3713,t,2_An-1,t
51990,3713,-,1_Kas-1,-
51991,3713,-,5_Sku-30,-
51992,3713,-,5_Ler,-
51993,3713,-,5_Gro-3,-
51994,3713,-,8_Altai-5,-
51995,3713,-,8_Tsu-0,-
51996,3714,c,1_Col-0,c
51997,3714,c,4_Cvi-0,c
51998,3714,c,7_Ler,c
51999,3714,c,3_C24,c
52000,3714,c,6_Kyo,c
52001,3714,c,5_Eri-1,c
52002,3714,c,8_Sha,c
52003,3714,c,2_An-1,c
52004,3714,-,1_Kas-1,-
52005,3714,-,5_Sku-30,-
52006,3714,-,5_Ler,-
52007,3714,-,5_Gro-3,-
52008,3714,-,8_Altai-5,-
52009,3714,-,8_Tsu-0,-
52010,3715,a,1_Col-0,a
52011,3715,a,4_Cvi-0,a
52012,3715,a,7_Ler,a
52013,3715,a,3_C24,a
52014,3715,a,6_Kyo,a
52015,3715,a,5_Eri-1,a
52016,3715,a,8_Sha,a
52017,3715,a,2_An-1,a
52018,3715,-,1_Kas-1,-
52019,3715,-,5_Sku-30,-
52020,3715,-,5_Ler,-
52021,3715,-,5_Gro-3,-
52022,3715,-,8_Altai-5,-
52023,3715,-,8_Tsu-0,-
52024,3716,a,1_Col-0,a
52025,3716,a,4_Cvi-0,a
52026,3716,a,7_Ler,a
52027,3716,a,3_C24,a
52028,3716,a,6_Kyo,a
52029,3716,a,5_Eri-1,a
52030,3716,a,8_Sha,a
52031,3716,a,2_An-1,a
52032,3716,-,1_Kas-1,-
52033,3716,-,5_Sku-30,-
52034,3716,-,5_Ler,-
52035,3716,-,5_Gro-3,-
52036,3716,-,8_Altai-5,-
52037,3716,-,8_Tsu-0,-
52038,3717,a,1_Col-0,a
52039,3717,a,4_Cvi-0,a
52040,3717,a,7_Ler,a
52041,3717,a,3_C24,a
52042,3717,a,6_Kyo,a
52043,3717,a,5_Eri-1,a
52044,3717,a,8_Sha,a
52045,3717,a,2_An-1,a
52046,3717,-,1_Kas-1,-
52047,3717,-,5_Sku-30,-
52048,3717,-,5_Ler,-
52049,3717,-,5_Gro-3,-
52050,3717,-,8_Altai-5,-
52051,3717,-,8_Tsu-0,-
52052,3718,t,1_Col-0,t
52053,3718,t,4_Cvi-0,t
52054,3718,t,7_Ler,t
52055,3718,t,3_C24,t
52056,3718,t,6_Kyo,t
52057,3718,t,5_Eri-1,t
52058,3718,t,8_Sha,t
52059,3718,t,2_An-1,t
52060,3718,-,1_Kas-1,-
52061,3718,-,5_Sku-30,-
52062,3718,-,5_Ler,-
52063,3718,-,5_Gro-3,-
52064,3718,-,8_Altai-5,-
52065,3718,-,8_Tsu-0,-
52066,3719,c,1_Col-0,c
52067,3719,c,4_Cvi-0,c
52068,3719,c,7_Ler,c
52069,3719,c,3_C24,c
52070,3719,c,6_Kyo,c
52071,3719,c,5_Eri-1,c
52072,3719,c,8_Sha,c
52073,3719,c,2_An-1,c
52074,3719,-,1_Kas-1,-
52075,3719,-,5_Sku-30,-
52076,3719,-,5_Ler,-
52077,3719,-,5_Gro-3,-
52078,3719,-,8_Altai-5,-
52079,3719,-,8_Tsu-0,-
52080,3720,c,1_Col-0,c
52081,3720,c,4_Cvi-0,c
52082,3720,c,7_Ler,c
52083,3720,c,3_C24,c
52084,3720,c,6_Kyo,c
52085,3720,c,5_Eri-1,c
52086,3720,c,8_Sha,c
52087,3720,c,2_An-1,c
52088,3720,-,1_Kas-1,-
52089,3720,-,5_Sku-30,-
52090,3720,-,5_Ler,-
52091,3720,-,5_Gro-3,-
52092,3720,-,8_Altai-5,-
52093,3720,-,8_Tsu-0,-
52094,3721,t,1_Col-0,t
52095,3721,t,4_Cvi-0,t
52096,3721,t,7_Ler,t
52097,3721,t,3_C24,t
52098,3721,t,6_Kyo,t
52099,3721,t,5_Eri-1,t
52100,3721,t,8_Sha,t
52101,3721,t,2_An-1,t
52102,3721,-,1_Kas-1,-
52103,3721,-,5_Sku-30,-
52104,3721,-,5_Ler,-
52105,3721,-,5_Gro-3,-
52106,3721,-,8_Altai-5,-
52107,3721,-,8_Tsu-0,-
52108,3722,c,1_Col-0,c
52109,3722,c,4_Cvi-0,c
52110,3722,c,7_Ler,c
52111,3722,c,3_C24,c
52112,3722,c,6_Kyo,c
52113,3722,c,5_Eri-1,c
52114,3722,c,8_Sha,c
52115,3722,c,2_An-1,c
52116,3722,-,1_Kas-1,-
52117,3722,-,5_Sku-30,-
52118,3722,-,5_Ler,-
52119,3722,-,5_Gro-3,-
52120,3722,-,8_Altai-5,-
52121,3722,-,8_Tsu-0,-
52122,3723,t,1_Col-0,t
52123,3723,t,4_Cvi-0,t
52124,3723,t,7_Ler,t
52125,3723,t,3_C24,t
52126,3723,t,6_Kyo,t
52127,3723,t,5_Eri-1,t
52128,3723,t,8_Sha,t
52129,3723,t,2_An-1,t
52130,3723,-,1_Kas-1,-
52131,3723,-,5_Sku-30,-
52132,3723,-,5_Ler,-
52133,3723,-,5_Gro-3,-
52134,3723,-,8_Altai-5,-
52135,3723,-,8_Tsu-0,-
52136,3724,c,1_Col-0,c
52137,3724,c,4_Cvi-0,c
52138,3724,c,7_Ler,c
52139,3724,c,3_C24,c
52140,3724,c,6_Kyo,c
52141,3724,c,5_Eri-1,c
52142,3724,c,8_Sha,c
52143,3724,c,2_An-1,c
52144,3724,-,1_Kas-1,-
52145,3724,-,5_Sku-30,-
52146,3724,-,5_Ler,-
52147,3724,-,5_Gro-3,-
52148,3724,-,8_Altai-5,-
52149,3724,-,8_Tsu-0,-
52150,3725,t,1_Col-0,t
52151,3725,t,4_Cvi-0,t
52152,3725,t,7_Ler,t
52153,3725,t,3_C24,t
52154,3725,t,6_Kyo,t
52155,3725,t,5_Eri-1,t
52156,3725,t,8_Sha,t
52157,3725,t,2_An-1,t
52158,3725,-,1_Kas-1,-
52159,3725,-,5_Sku-30,-
52160,3725,-,5_Ler,-
52161,3725,-,5_Gro-3,-
52162,3725,-,8_Altai-5,-
52163,3725,-,8_Tsu-0,-
52164,3726,a,1_Col-0,a
52165,3726,a,4_Cvi-0,a
52166,3726,a,7_Ler,a
52167,3726,a,3_C24,a
52168,3726,a,6_Kyo,a
52169,3726,a,5_Eri-1,a
52170,3726,a,8_Sha,a
52171,3726,a,2_An-1,a
52172,3726,-,1_Kas-1,-
52173,3726,-,5_Sku-30,-
52174,3726,-,5_Ler,-
52175,3726,-,5_Gro-3,-
52176,3726,-,8_Altai-5,-
52177,3726,-,8_Tsu-0,-
52178,3727,a,1_Col-0,a
52179,3727,a,4_Cvi-0,a
52180,3727,a,7_Ler,a
52181,3727,a,3_C24,a
52182,3727,a,6_Kyo,a
52183,3727,a,5_Eri-1,a
52184,3727,a,8_Sha,a
52185,3727,a,2_An-1,a
52186,3727,-,1_Kas-1,-
52187,3727,-,5_Sku-30,-
52188,3727,-,5_Ler,-
52189,3727,-,5_Gro-3,-
52190,3727,-,8_Altai-5,-
52191,3727,-,8_Tsu-0,-
52192,3728,c,1_Col-0,c
52193,3728,c,4_Cvi-0,c
52194,3728,c,7_Ler,c
52195,3728,c,3_C24,c
52196,3728,c,6_Kyo,c
52197,3728,c,5_Eri-1,c
52198,3728,c,8_Sha,c
52199,3728,c,2_An-1,c
52200,3728,-,1_Kas-1,-
52201,3728,-,5_Sku-30,-
52202,3728,-,5_Ler,-
52203,3728,-,5_Gro-3,-
52204,3728,-,8_Altai-5,-
52205,3728,-,8_Tsu-0,-
52206,3729,a,1_Col-0,a
52207,3729,a,4_Cvi-0,a
52208,3729,a,7_Ler,a
52209,3729,a,3_C24,a
52210,3729,a,6_Kyo,a
52211,3729,a,5_Eri-1,a
52212,3729,a,8_Sha,a
52213,3729,a,2_An-1,a
52214,3729,-,1_Kas-1,-
52215,3729,-,5_Sku-30,-
52216,3729,-,5_Ler,-
52217,3729,-,5_Gro-3,-
52218,3729,-,8_Altai-5,-
52219,3729,-,8_Tsu-0,-
52220,3730,a,1_Col-0,a
52221,3730,a,4_Cvi-0,a
52222,3730,a,7_Ler,a
52223,3730,a,3_C24,a
52224,3730,a,6_Kyo,a
52225,3730,a,5_Eri-1,a
52226,3730,a,8_Sha,a
52227,3730,a,2_An-1,a
52228,3730,-,1_Kas-1,-
52229,3730,-,5_Sku-30,-
52230,3730,-,5_Ler,-
52231,3730,-,5_Gro-3,-
52232,3730,-,8_Altai-5,-
52233,3730,-,8_Tsu-0,-
52234,3731,g,1_Col-0,g
52235,3731,g,4_Cvi-0,g
52236,3731,g,7_Ler,g
52237,3731,g,3_C24,g
52238,3731,g,6_Kyo,g
52239,3731,g,5_Eri-1,g
52240,3731,g,8_Sha,g
52241,3731,g,2_An-1,g
52242,3731,-,1_Kas-1,-
52243,3731,-,5_Sku-30,-
52244,3731,-,5_Ler,-
52245,3731,-,5_Gro-3,-
52246,3731,-,8_Altai-5,-
52247,3731,-,8_Tsu-0,-
52248,3732,t,1_Col-0,t
52249,3732,t,4_Cvi-0,t
52250,3732,t,7_Ler,t
52251,3732,t,3_C24,t
52252,3732,t,6_Kyo,t
52253,3732,t,5_Eri-1,t
52254,3732,t,8_Sha,t
52255,3732,t,2_An-1,t
52256,3732,-,1_Kas-1,-
52257,3732,-,5_Sku-30,-
52258,3732,-,5_Ler,-
52259,3732,-,5_Gro-3,-
52260,3732,-,8_Altai-5,-
52261,3732,-,8_Tsu-0,-
52262,3733,a,1_Col-0,a
52263,3733,a,4_Cvi-0,a
52264,3733,a,7_Ler,a
52265,3733,a,3_C24,a
52266,3733,a,6_Kyo,a
52267,3733,a,5_Eri-1,a
52268,3733,a,8_Sha,a
52269,3733,a,2_An-1,a
52270,3733,-,1_Kas-1,-
52271,3733,-,5_Sku-30,-
52272,3733,-,5_Ler,-
52273,3733,-,5_Gro-3,-
52274,3733,-,8_Altai-5,-
52275,3733,-,8_Tsu-0,-
52276,3734,a,1_Col-0,a
52277,3734,a,4_Cvi-0,a
52278,3734,a,7_Ler,a
52279,3734,a,3_C24,a
52280,3734,a,6_Kyo,a
52281,3734,a,5_Eri-1,a
52282,3734,a,8_Sha,a
52283,3734,a,2_An-1,a
52284,3734,-,1_Kas-1,-
52285,3734,-,5_Sku-30,-
52286,3734,-,5_Ler,-
52287,3734,-,5_Gro-3,-
52288,3734,-,8_Altai-5,-
52289,3734,-,8_Tsu-0,-
52290,3735,a,1_Col-0,a
52291,3735,a,4_Cvi-0,a
52292,3735,a,7_Ler,a
52293,3735,a,3_C24,a
52294,3735,a,6_Kyo,a
52295,3735,a,5_Eri-1,a
52296,3735,a,8_Sha,a
52297,3735,a,2_An-1,a
52298,3735,-,1_Kas-1,-
52299,3735,-,5_Sku-30,-
52300,3735,-,5_Ler,-
52301,3735,-,5_Gro-3,-
52302,3735,-,8_Altai-5,-
52303,3735,-,8_Tsu-0,-
52304,3736,g,1_Col-0,g
52305,3736,g,4_Cvi-0,g
52306,3736,g,7_Ler,g
52307,3736,g,3_C24,g
52308,3736,g,6_Kyo,g
52309,3736,g,5_Eri-1,g
52310,3736,g,8_Sha,g
52311,3736,g,2_An-1,g
52312,3736,-,1_Kas-1,-
52313,3736,-,5_Sku-30,-
52314,3736,-,5_Ler,-
52315,3736,-,5_Gro-3,-
52316,3736,-,8_Altai-5,-
52317,3736,-,8_Tsu-0,-
52318,3737,t,1_Col-0,t
52319,3737,t,4_Cvi-0,t
52320,3737,t,7_Ler,t
52321,3737,t,3_C24,t
52322,3737,t,6_Kyo,t
52323,3737,t,5_Eri-1,t
52324,3737,t,8_Sha,t
52325,3737,t,2_An-1,t
52326,3737,-,1_Kas-1,-
52327,3737,-,5_Sku-30,-
52328,3737,-,5_Ler,-
52329,3737,-,5_Gro-3,-
52330,3737,-,8_Altai-5,-
52331,3737,-,8_Tsu-0,-
52332,3738,a,1_Col-0,a
52333,3738,a,4_Cvi-0,a
52334,3738,a,7_Ler,a
52335,3738,a,3_C24,a
52336,3738,a,6_Kyo,a
52337,3738,a,5_Eri-1,a
52338,3738,a,8_Sha,a
52339,3738,a,2_An-1,a
52340,3738,-,1_Kas-1,-
52341,3738,-,5_Sku-30,-
52342,3738,-,5_Ler,-
52343,3738,-,5_Gro-3,-
52344,3738,-,8_Altai-5,-
52345,3738,-,8_Tsu-0,-
52346,3739,t,1_Col-0,t
52347,3739,t,4_Cvi-0,t
52348,3739,t,7_Ler,t
52349,3739,t,3_C24,t
52350,3739,t,6_Kyo,t
52351,3739,t,5_Eri-1,t
52352,3739,t,8_Sha,t
52353,3739,t,2_An-1,t
52354,3739,-,1_Kas-1,-
52355,3739,-,5_Sku-30,-
52356,3739,-,5_Ler,-
52357,3739,-,5_Gro-3,-
52358,3739,-,8_Altai-5,-
52359,3739,-,8_Tsu-0,-
52360,3740,a,1_Col-0,a
52361,3740,a,4_Cvi-0,a
52362,3740,a,7_Ler,a
52363,3740,a,3_C24,a
52364,3740,a,6_Kyo,a
52365,3740,a,5_Eri-1,a
52366,3740,a,8_Sha,a
52367,3740,a,2_An-1,a
52368,3740,-,1_Kas-1,-
52369,3740,-,5_Sku-30,-
52370,3740,-,5_Ler,-
52371,3740,-,5_Gro-3,-
52372,3740,-,8_Altai-5,-
52373,3740,-,8_Tsu-0,-
52374,3741,a,1_Col-0,a
52375,3741,a,4_Cvi-0,a
52376,3741,a,7_Ler,a
52377,3741,a,3_C24,a
52378,3741,a,6_Kyo,a
52379,3741,a,5_Eri-1,a
52380,3741,a,8_Sha,a
52381,3741,a,2_An-1,a
52382,3741,-,1_Kas-1,-
52383,3741,-,5_Sku-30,-
52384,3741,-,5_Ler,-
52385,3741,-,5_Gro-3,-
52386,3741,-,8_Altai-5,-
52387,3741,-,8_Tsu-0,-
52388,3742,a,1_Col-0,a
52389,3742,a,4_Cvi-0,a
52390,3742,a,7_Ler,a
52391,3742,a,3_C24,a
52392,3742,a,6_Kyo,a
52393,3742,a,5_Eri-1,a
52394,3742,a,8_Sha,a
52395,3742,a,2_An-1,a
52396,3742,-,1_Kas-1,-
52397,3742,-,5_Sku-30,-
52398,3742,-,5_Ler,-
52399,3742,-,5_Gro-3,-
52400,3742,-,8_Altai-5,-
52401,3742,-,8_Tsu-0,-
52402,3743,a,1_Col-0,a
52403,3743,a,4_Cvi-0,a
52404,3743,a,7_Ler,a
52405,3743,a,3_C24,a
52406,3743,a,6_Kyo,a
52407,3743,a,5_Eri-1,a
52408,3743,a,8_Sha,a
52409,3743,a,2_An-1,a
52410,3743,-,1_Kas-1,-
52411,3743,-,5_Sku-30,-
52412,3743,-,5_Ler,-
52413,3743,-,5_Gro-3,-
52414,3743,-,8_Altai-5,-
52415,3743,-,8_Tsu-0,-
52416,3744,a,1_Col-0,a
52417,3744,a,4_Cvi-0,a
52418,3744,a,7_Ler,a
52419,3744,a,3_C24,a
52420,3744,a,6_Kyo,a
52421,3744,a,5_Eri-1,a
52422,3744,a,8_Sha,a
52423,3744,a,2_An-1,a
52424,3744,-,1_Kas-1,-
52425,3744,-,5_Sku-30,-
52426,3744,-,5_Ler,-
52427,3744,-,5_Gro-3,-
52428,3744,-,8_Altai-5,-
52429,3744,-,8_Tsu-0,-
52430,3745,a,1_Col-0,a
52431,3745,a,4_Cvi-0,a
52432,3745,a,7_Ler,a
52433,3745,a,3_C24,a
52434,3745,a,6_Kyo,a
52435,3745,a,5_Eri-1,a
52436,3745,a,8_Sha,a
52437,3745,a,2_An-1,a
52438,3745,-,1_Kas-1,-
52439,3745,-,5_Sku-30,-
52440,3745,-,5_Ler,-
52441,3745,-,5_Gro-3,-
52442,3745,-,8_Altai-5,-
52443,3745,-,8_Tsu-0,-
52444,3746,g,1_Col-0,g
52445,3746,g,4_Cvi-0,g
52446,3746,g,7_Ler,g
52447,3746,g,3_C24,g
52448,3746,g,6_Kyo,g
52449,3746,g,5_Eri-1,g
52450,3746,g,8_Sha,g
52451,3746,g,2_An-1,g
52452,3746,-,1_Kas-1,-
52453,3746,-,5_Sku-30,-
52454,3746,-,5_Ler,-
52455,3746,-,5_Gro-3,-
52456,3746,-,8_Altai-5,-
52457,3746,-,8_Tsu-0,-
52458,3747,a,1_Col-0,a
52459,3747,a,4_Cvi-0,a
52460,3747,a,7_Ler,a
52461,3747,a,3_C24,a
52462,3747,a,6_Kyo,a
52463,3747,a,5_Eri-1,a
52464,3747,a,8_Sha,a
52465,3747,a,2_An-1,a
52466,3747,-,1_Kas-1,-
52467,3747,-,5_Sku-30,-
52468,3747,-,5_Ler,-
52469,3747,-,5_Gro-3,-
52470,3747,-,8_Altai-5,-
52471,3747,-,8_Tsu-0,-
52472,3748,a,1_Col-0,a
52473,3748,a,4_Cvi-0,a
52474,3748,a,7_Ler,a
52475,3748,a,3_C24,a
52476,3748,a,6_Kyo,a
52477,3748,a,5_Eri-1,a
52478,3748,a,8_Sha,a
52479,3748,a,2_An-1,a
52480,3748,-,1_Kas-1,-
52481,3748,-,5_Sku-30,-
52482,3748,-,5_Ler,-
52483,3748,-,5_Gro-3,-
52484,3748,-,8_Altai-5,-
52485,3748,-,8_Tsu-0,-
52486,3749,a,1_Col-0,a
52487,3749,a,4_Cvi-0,a
52488,3749,a,7_Ler,a
52489,3749,a,3_C24,a
52490,3749,a,6_Kyo,a
52491,3749,a,5_Eri-1,a
52492,3749,a,8_Sha,a
52493,3749,a,2_An-1,a
52494,3749,-,1_Kas-1,-
52495,3749,-,5_Sku-30,-
52496,3749,-,5_Ler,-
52497,3749,-,5_Gro-3,-
52498,3749,-,8_Altai-5,-
52499,3749,-,8_Tsu-0,-
52500,3750,c,1_Col-0,c
52501,3750,c,4_Cvi-0,c
52502,3750,c,7_Ler,c
52503,3750,c,3_C24,c
52504,3750,c,6_Kyo,c
52505,3750,c,5_Eri-1,c
52506,3750,c,8_Sha,c
52507,3750,c,2_An-1,c
52508,3750,-,1_Kas-1,-
52509,3750,-,5_Sku-30,-
52510,3750,-,5_Ler,-
52511,3750,-,5_Gro-3,-
52512,3750,-,8_Altai-5,-
52513,3750,-,8_Tsu-0,-
52514,3751,c,1_Col-0,c
52515,3751,c,4_Cvi-0,c
52516,3751,c,7_Ler,c
52517,3751,c,3_C24,c
52518,3751,c,6_Kyo,c
52519,3751,c,5_Eri-1,c
52520,3751,c,8_Sha,c
52521,3751,c,2_An-1,c
52522,3751,-,1_Kas-1,-
52523,3751,-,5_Sku-30,-
52524,3751,-,5_Ler,-
52525,3751,-,5_Gro-3,-
52526,3751,-,8_Altai-5,-
52527,3751,-,8_Tsu-0,-
52528,3752,a,1_Col-0,a
52529,3752,a,4_Cvi-0,a
52530,3752,a,7_Ler,a
52531,3752,a,3_C24,a
52532,3752,a,6_Kyo,a
52533,3752,a,5_Eri-1,a
52534,3752,a,8_Sha,a
52535,3752,a,2_An-1,a
52536,3752,-,1_Kas-1,-
52537,3752,-,5_Sku-30,-
52538,3752,-,5_Ler,-
52539,3752,-,5_Gro-3,-
52540,3752,-,8_Altai-5,-
52541,3752,-,8_Tsu-0,-
52542,3753,t,1_Col-0,t
52543,3753,t,4_Cvi-0,t
52544,3753,t,7_Ler,t
52545,3753,t,3_C24,t
52546,3753,t,6_Kyo,t
52547,3753,t,5_Eri-1,t
52548,3753,t,8_Sha,t
52549,3753,t,2_An-1,t
52550,3753,-,1_Kas-1,-
52551,3753,-,5_Sku-30,-
52552,3753,-,5_Ler,-
52553,3753,-,5_Gro-3,-
52554,3753,-,8_Altai-5,-
52555,3753,-,8_Tsu-0,-
52556,3754,c,1_Col-0,c
52557,3754,c,4_Cvi-0,c
52558,3754,c,7_Ler,c
52559,3754,c,3_C24,c
52560,3754,c,6_Kyo,c
52561,3754,c,5_Eri-1,c
52562,3754,c,8_Sha,c
52563,3754,c,2_An-1,c
52564,3754,-,1_Kas-1,-
52565,3754,-,5_Sku-30,-
52566,3754,-,5_Ler,-
52567,3754,-,5_Gro-3,-
52568,3754,-,8_Altai-5,-
52569,3754,-,8_Tsu-0,-
52570,3755,t,1_Col-0,t
52571,3755,t,4_Cvi-0,t
52572,3755,t,7_Ler,t
52573,3755,t,3_C24,t
52574,3755,t,6_Kyo,t
52575,3755,t,5_Eri-1,t
52576,3755,t,8_Sha,t
52577,3755,t,2_An-1,t
52578,3755,-,1_Kas-1,-
52579,3755,-,5_Sku-30,-
52580,3755,-,5_Ler,-
52581,3755,-,5_Gro-3,-
52582,3755,-,8_Altai-5,-
52583,3755,-,8_Tsu-0,-
52584,3756,t,1_Col-0,t
52585,3756,t,4_Cvi-0,t
52586,3756,t,7_Ler,t
52587,3756,t,3_C24,t
52588,3756,t,6_Kyo,t
52589,3756,t,5_Eri-1,t
52590,3756,t,8_Sha,t
52591,3756,t,2_An-1,t
52592,3756,-,1_Kas-1,-
52593,3756,-,5_Sku-30,-
52594,3756,-,5_Ler,-
52595,3756,-,5_Gro-3,-
52596,3756,-,8_Altai-5,-
52597,3756,-,8_Tsu-0,-
52598,3757,t,1_Col-0,t
52599,3757,t,4_Cvi-0,t
52600,3757,t,7_Ler,t
52601,3757,t,3_C24,t
52602,3757,t,6_Kyo,t
52603,3757,t,5_Eri-1,t
52604,3757,t,8_Sha,t
52605,3757,t,2_An-1,t
52606,3757,-,1_Kas-1,-
52607,3757,-,5_Sku-30,-
52608,3757,-,5_Ler,-
52609,3757,-,5_Gro-3,-
52610,3757,-,8_Altai-5,-
52611,3757,-,8_Tsu-0,-
52612,3758,g,1_Col-0,g
52613,3758,g,4_Cvi-0,g
52614,3758,g,7_Ler,g
52615,3758,g,3_C24,g
52616,3758,g,6_Kyo,g
52617,3758,g,5_Eri-1,g
52618,3758,g,8_Sha,g
52619,3758,g,2_An-1,g
52620,3758,-,1_Kas-1,-
52621,3758,-,5_Sku-30,-
52622,3758,-,5_Ler,-
52623,3758,-,5_Gro-3,-
52624,3758,-,8_Altai-5,-
52625,3758,-,8_Tsu-0,-
52626,3759,a,1_Col-0,a
52627,3759,a,4_Cvi-0,a
52628,3759,a,7_Ler,a
52629,3759,a,3_C24,a
52630,3759,a,6_Kyo,a
52631,3759,a,5_Eri-1,a
52632,3759,a,8_Sha,a
52633,3759,a,2_An-1,a
52634,3759,-,1_Kas-1,-
52635,3759,-,5_Sku-30,-
52636,3759,-,5_Ler,-
52637,3759,-,5_Gro-3,-
52638,3759,-,8_Altai-5,-
52639,3759,-,8_Tsu-0,-
52640,3760,t,1_Col-0,t
52641,3760,t,4_Cvi-0,t
52642,3760,t,7_Ler,t
52643,3760,t,3_C24,t
52644,3760,t,6_Kyo,t
52645,3760,t,5_Eri-1,t
52646,3760,t,8_Sha,t
52647,3760,t,2_An-1,t
52648,3760,-,1_Kas-1,-
52649,3760,-,5_Sku-30,-
52650,3760,-,5_Ler,-
52651,3760,-,5_Gro-3,-
52652,3760,-,8_Altai-5,-
52653,3760,-,8_Tsu-0,-
52654,3761,c,1_Col-0,c
52655,3761,c,4_Cvi-0,c
52656,3761,c,7_Ler,c
52657,3761,c,3_C24,c
52658,3761,c,6_Kyo,c
52659,3761,g,5_Eri-1,g
52660,3761,g,8_Sha,g
52661,3761,c,2_An-1,c
52662,3761,G,1_Kas-1,G
52663,3761,C,5_Sku-30,C
52664,3761,C,5_Ler,C
52665,3761,-,5_Gro-3,-
52666,3761,C,8_Altai-5,C
52667,3761,C,8_Tsu-0,C
52668,3762,t,1_Col-0,t
52669,3762,t,4_Cvi-0,t
52670,3762,t,7_Ler,t
52671,3762,t,3_C24,t
52672,3762,t,6_Kyo,t
52673,3762,t,5_Eri-1,t
52674,3762,t,8_Sha,t
52675,3762,t,2_An-1,t
52676,3762,-,1_Kas-1,-
52677,3762,-,5_Sku-30,-
52678,3762,-,5_Ler,-
52679,3762,-,5_Gro-3,-
52680,3762,-,8_Altai-5,-
52681,3762,-,8_Tsu-0,-
52682,3763,c,1_Col-0,c
52683,3763,c,4_Cvi-0,c
52684,3763,c,7_Ler,c
52685,3763,c,3_C24,c
52686,3763,c,6_Kyo,c
52687,3763,c,5_Eri-1,c
52688,3763,c,8_Sha,c
52689,3763,c,2_An-1,c
52690,3763,-,1_Kas-1,-
52691,3763,-,5_Sku-30,-
52692,3763,-,5_Ler,-
52693,3763,-,5_Gro-3,-
52694,3763,-,8_Altai-5,-
52695,3763,-,8_Tsu-0,-
52696,3764,c,1_Col-0,c
52697,3764,c,4_Cvi-0,c
52698,3764,c,7_Ler,c
52699,3764,c,3_C24,c
52700,3764,c,6_Kyo,c
52701,3764,c,5_Eri-1,c
52702,3764,c,8_Sha,c
52703,3764,c,2_An-1,c
52704,3764,-,1_Kas-1,-
52705,3764,-,5_Sku-30,-
52706,3764,-,5_Ler,-
52707,3764,-,5_Gro-3,-
52708,3764,-,8_Altai-5,-
52709,3764,-,8_Tsu-0,-
52710,3765,c,1_Col-0,c
52711,3765,c,4_Cvi-0,c
52712,3765,c,7_Ler,c
52713,3765,c,3_C24,c
52714,3765,c,6_Kyo,c
52715,3765,c,5_Eri-1,c
52716,3765,c,8_Sha,c
52717,3765,c,2_An-1,c
52718,3765,-,1_Kas-1,-
52719,3765,-,5_Sku-30,-
52720,3765,-,5_Ler,-
52721,3765,-,5_Gro-3,-
52722,3765,-,8_Altai-5,-
52723,3765,-,8_Tsu-0,-
52724,3766,c,1_Col-0,c
52725,3766,c,4_Cvi-0,c
52726,3766,c,7_Ler,c
52727,3766,c,3_C24,c
52728,3766,c,6_Kyo,c
52729,3766,c,5_Eri-1,c
52730,3766,c,8_Sha,c
52731,3766,c,2_An-1,c
52732,3766,-,1_Kas-1,-
52733,3766,-,5_Sku-30,-
52734,3766,-,5_Ler,-
52735,3766,-,5_Gro-3,-
52736,3766,-,8_Altai-5,-
52737,3766,-,8_Tsu-0,-
52738,3767,a,1_Col-0,a
52739,3767,a,4_Cvi-0,a
52740,3767,a,7_Ler,a
52741,3767,a,3_C24,a
52742,3767,a,6_Kyo,a
52743,3767,a,5_Eri-1,a
52744,3767,a,8_Sha,a
52745,3767,a,2_An-1,a
52746,3767,-,1_Kas-1,-
52747,3767,-,5_Sku-30,-
52748,3767,-,5_Ler,-
52749,3767,-,5_Gro-3,-
52750,3767,-,8_Altai-5,-
52751,3767,-,8_Tsu-0,-
52752,3768,a,1_Col-0,a
52753,3768,a,4_Cvi-0,a
52754,3768,a,7_Ler,a
52755,3768,a,3_C24,a
52756,3768,a,6_Kyo,a
52757,3768,a,5_Eri-1,a
52758,3768,a,8_Sha,a
52759,3768,a,2_An-1,a
52760,3768,-,1_Kas-1,-
52761,3768,-,5_Sku-30,-
52762,3768,-,5_Ler,-
52763,3768,-,5_Gro-3,-
52764,3768,-,8_Altai-5,-
52765,3768,-,8_Tsu-0,-
52766,3769,a,1_Col-0,a
52767,3769,a,4_Cvi-0,a
52768,3769,a,7_Ler,a
52769,3769,a,3_C24,a
52770,3769,a,6_Kyo,a
52771,3769,a,5_Eri-1,a
52772,3769,a,8_Sha,a
52773,3769,a,2_An-1,a
52774,3769,-,1_Kas-1,-
52775,3769,-,5_Sku-30,-
52776,3769,-,5_Ler,-
52777,3769,-,5_Gro-3,-
52778,3769,-,8_Altai-5,-
52779,3769,-,8_Tsu-0,-
52780,3770,c,1_Col-0,c
52781,3770,c,4_Cvi-0,c
52782,3770,c,7_Ler,c
52783,3770,c,3_C24,c
52784,3770,c,6_Kyo,c
52785,3770,c,5_Eri-1,c
52786,3770,c,8_Sha,c
52787,3770,c,2_An-1,c
52788,3770,-,1_Kas-1,-
52789,3770,-,5_Sku-30,-
52790,3770,-,5_Ler,-
52791,3770,-,5_Gro-3,-
52792,3770,-,8_Altai-5,-
52793,3770,-,8_Tsu-0,-
52794,3771,a,1_Col-0,a
52795,3771,a,4_Cvi-0,a
52796,3771,a,7_Ler,a
52797,3771,a,3_C24,a
52798,3771,a,6_Kyo,a
52799,3771,a,5_Eri-1,a
52800,3771,a,8_Sha,a
52801,3771,a,2_An-1,a
52802,3771,-,1_Kas-1,-
52803,3771,-,5_Sku-30,-
52804,3771,-,5_Ler,-
52805,3771,-,5_Gro-3,-
52806,3771,-,8_Altai-5,-
52807,3771,-,8_Tsu-0,-
52808,3772,t,1_Col-0,t
52809,3772,t,4_Cvi-0,t
52810,3772,t,7_Ler,t
52811,3772,t,3_C24,t
52812,3772,t,6_Kyo,t
52813,3772,t,5_Eri-1,t
52814,3772,t,8_Sha,t
52815,3772,t,2_An-1,t
52816,3772,-,1_Kas-1,-
52817,3772,-,5_Sku-30,-
52818,3772,-,5_Ler,-
52819,3772,-,5_Gro-3,-
52820,3772,-,8_Altai-5,-
52821,3772,-,8_Tsu-0,-
52822,3773,g,1_Col-0,g
52823,3773,g,4_Cvi-0,g
52824,3773,g,7_Ler,g
52825,3773,g,3_C24,g
52826,3773,g,6_Kyo,g
52827,3773,g,5_Eri-1,g
52828,3773,g,8_Sha,g
52829,3773,g,2_An-1,g
52830,3773,-,1_Kas-1,-
52831,3773,C,5_Sku-30,C
52832,3773,-,5_Ler,-
52833,3773,-,5_Gro-3,-
52834,3773,-,8_Altai-5,-
52835,3773,-,8_Tsu-0,-
52836,3774,a,1_Col-0,a
52837,3774,a,4_Cvi-0,a
52838,3774,a,7_Ler,a
52839,3774,a,3_C24,a
52840,3774,a,6_Kyo,a
52841,3774,-,5_Eri-1,*
52842,3774,-,8_Sha,*
52843,3774,a,2_An-1,a
52844,3774,-,1_Kas-1,-
52845,3774,-,5_Sku-30,-
52846,3774,-,5_Ler,-
52847,3774,-,5_Gro-3,-
52848,3774,-,8_Altai-5,-
52849,3774,-,8_Tsu-0,-
52850,3775,a,1_Col-0,a
52851,3775,a,4_Cvi-0,a
52852,3775,a,7_Ler,a
52853,3775,a,3_C24,a
52854,3775,a,6_Kyo,a
52855,3775,-,5_Eri-1,*
52856,3775,-,8_Sha,*
52857,3775,a,2_An-1,a
52858,3775,-,1_Kas-1,-
52859,3775,-,5_Sku-30,-
52860,3775,-,5_Ler,-
52861,3775,-,5_Gro-3,-
52862,3775,-,8_Altai-5,-
52863,3775,-,8_Tsu-0,-
52864,3776,a,1_Col-0,a
52865,3776,a,4_Cvi-0,a
52866,3776,a,7_Ler,a
52867,3776,a,3_C24,a
52868,3776,a,6_Kyo,a
52869,3776,-,5_Eri-1,*
52870,3776,-,8_Sha,*
52871,3776,a,2_An-1,a
52872,3776,-,1_Kas-1,-
52873,3776,-,5_Sku-30,-
52874,3776,-,5_Ler,-
52875,3776,-,5_Gro-3,-
52876,3776,-,8_Altai-5,-
52877,3776,-,8_Tsu-0,-
52878,3777,g,1_Col-0,g
52879,3777,g,4_Cvi-0,g
52880,3777,g,7_Ler,g
52881,3777,g,3_C24,g
52882,3777,g,6_Kyo,g
52883,3777,-,5_Eri-1,*
52884,3777,-,8_Sha,*
52885,3777,g,2_An-1,g
52886,3777,-,1_Kas-1,-
52887,3777,-,5_Sku-30,-
52888,3777,-,5_Ler,-
52889,3777,-,5_Gro-3,-
52890,3777,-,8_Altai-5,-
52891,3777,-,8_Tsu-0,-
52892,3778,t,1_Col-0,t
52893,3778,t,4_Cvi-0,t
52894,3778,t,7_Ler,t
52895,3778,t,3_C24,t
52896,3778,t,6_Kyo,t
52897,3778,-,5_Eri-1,*
52898,3778,-,8_Sha,*
52899,3778,t,2_An-1,t
52900,3778,-,1_Kas-1,-
52901,3778,-,5_Sku-30,-
52902,3778,-,5_Ler,-
52903,3778,-,5_Gro-3,-
52904,3778,-,8_Altai-5,-
52905,3778,-,8_Tsu-0,-
52906,3779,t,1_Col-0,t
52907,3779,t,4_Cvi-0,t
52908,3779,t,7_Ler,t
52909,3779,t,3_C24,t
52910,3779,t,6_Kyo,t
52911,3779,-,5_Eri-1,*
52912,3779,-,8_Sha,*
52913,3779,t,2_An-1,t
52914,3779,-,1_Kas-1,-
52915,3779,-,5_Sku-30,-
52916,3779,-,5_Ler,-
52917,3779,-,5_Gro-3,-
52918,3779,-,8_Altai-5,-
52919,3779,-,8_Tsu-0,-
52920,3780,t,1_Col-0,t
52921,3780,t,4_Cvi-0,t
52922,3780,t,7_Ler,t
52923,3780,t,3_C24,t
52924,3780,t,6_Kyo,t
52925,3780,-,5_Eri-1,*
52926,3780,-,8_Sha,*
52927,3780,t,2_An-1,t
52928,3780,-,1_Kas-1,-
52929,3780,-,5_Sku-30,-
52930,3780,-,5_Ler,-
52931,3780,-,5_Gro-3,-
52932,3780,-,8_Altai-5,-
52933,3780,-,8_Tsu-0,-
52934,3781,t,1_Col-0,t
52935,3781,t,4_Cvi-0,t
52936,3781,t,7_Ler,t
52937,3781,t,3_C24,t
52938,3781,t,6_Kyo,t
52939,3781,-,5_Eri-1,*
52940,3781,-,8_Sha,*
52941,3781,t,2_An-1,t
52942,3781,-,1_Kas-1,-
52943,3781,-,5_Sku-30,-
52944,3781,-,5_Ler,-
52945,3781,-,5_Gro-3,-
52946,3781,-,8_Altai-5,-
52947,3781,-,8_Tsu-0,-
52948,3782,c,1_Col-0,c
52949,3782,c,4_Cvi-0,c
52950,3782,c,7_Ler,c
52951,3782,c,3_C24,c
52952,3782,c,6_Kyo,c
52953,3782,-,5_Eri-1,*
52954,3782,-,8_Sha,*
52955,3782,c,2_An-1,c
52956,3782,G,1_Kas-1,G
52957,3782,-,5_Sku-30,-
52958,3782,-,5_Ler,-
52959,3782,-,5_Gro-3,-
52960,3782,-,8_Altai-5,-
52961,3782,-,8_Tsu-0,-
52962,3783,a,1_Col-0,a
52963,3783,a,4_Cvi-0,a
52964,3783,a,7_Ler,a
52965,3783,a,3_C24,a
52966,3783,a,6_Kyo,a
52967,3783,a,5_Eri-1,a
52968,3783,a,8_Sha,a
52969,3783,a,2_An-1,a
52970,3783,-,1_Kas-1,-
52971,3783,-,5_Sku-30,-
52972,3783,-,5_Ler,-
52973,3783,-,5_Gro-3,-
52974,3783,-,8_Altai-5,-
52975,3783,-,8_Tsu-0,-
52976,3784,a,1_Col-0,a
52977,3784,a,4_Cvi-0,a
52978,3784,a,7_Ler,a
52979,3784,a,3_C24,a
52980,3784,a,6_Kyo,a
52981,3784,a,5_Eri-1,a
52982,3784,a,8_Sha,a
52983,3784,a,2_An-1,a
52984,3784,-,1_Kas-1,-
52985,3784,-,5_Sku-30,-
52986,3784,-,5_Ler,-
52987,3784,-,5_Gro-3,-
52988,3784,-,8_Altai-5,-
52989,3784,-,8_Tsu-0,-
52990,3785,a,1_Col-0,a
52991,3785,a,4_Cvi-0,a
52992,3785,a,7_Ler,a
52993,3785,a,3_C24,a
52994,3785,a,6_Kyo,a
52995,3785,a,5_Eri-1,a
52996,3785,a,8_Sha,a
52997,3785,a,2_An-1,a
52998,3785,-,1_Kas-1,-
52999,3785,-,5_Sku-30,-
53000,3785,-,5_Ler,-
53001,3785,-,5_Gro-3,-
53002,3785,-,8_Altai-5,-
53003,3785,-,8_Tsu-0,-
53004,3786,t,1_Col-0,t
53005,3786,t,4_Cvi-0,t
53006,3786,t,7_Ler,t
53007,3786,t,3_C24,t
53008,3786,t,6_Kyo,t
53009,3786,t,5_Eri-1,t
53010,3786,t,8_Sha,t
53011,3786,t,2_An-1,t
53012,3786,-,1_Kas-1,-
53013,3786,-,5_Sku-30,-
53014,3786,-,5_Ler,-
53015,3786,-,5_Gro-3,-
53016,3786,-,8_Altai-5,-
53017,3786,-,8_Tsu-0,-
53018,3787,t,1_Col-0,t
53019,3787,t,4_Cvi-0,t
53020,3787,t,7_Ler,t
53021,3787,t,3_C24,t
53022,3787,t,6_Kyo,t
53023,3787,t,5_Eri-1,t
53024,3787,t,8_Sha,t
53025,3787,t,2_An-1,t
53026,3787,-,1_Kas-1,-
53027,3787,-,5_Sku-30,-
53028,3787,-,5_Ler,-
53029,3787,-,5_Gro-3,-
53030,3787,-,8_Altai-5,-
53031,3787,-,8_Tsu-0,-
53032,3788,g,1_Col-0,g
53033,3788,g,4_Cvi-0,g
53034,3788,g,7_Ler,g
53035,3788,g,3_C24,g
53036,3788,g,6_Kyo,g
53037,3788,g,5_Eri-1,g
53038,3788,g,8_Sha,g
53039,3788,g,2_An-1,g
53040,3788,-,1_Kas-1,-
53041,3788,-,5_Sku-30,-
53042,3788,-,5_Ler,-
53043,3788,-,5_Gro-3,-
53044,3788,-,8_Altai-5,-
53045,3788,-,8_Tsu-0,-
53046,3789,c,1_Col-0,c
53047,3789,c,4_Cvi-0,c
53048,3789,c,7_Ler,c
53049,3789,c,3_C24,c
53050,3789,c,6_Kyo,c
53051,3789,c,5_Eri-1,c
53052,3789,c,8_Sha,c
53053,3789,c,2_An-1,c
53054,3789,-,1_Kas-1,-
53055,3789,-,5_Sku-30,-
53056,3789,-,5_Ler,-
53057,3789,-,5_Gro-3,-
53058,3789,-,8_Altai-5,-
53059,3789,-,8_Tsu-0,-
53060,3790,a,1_Col-0,a
53061,3790,a,4_Cvi-0,a
53062,3790,a,7_Ler,a
53063,3790,a,3_C24,a
53064,3790,a,6_Kyo,a
53065,3790,a,5_Eri-1,a
53066,3790,a,8_Sha,a
53067,3790,a,2_An-1,a
53068,3790,-,1_Kas-1,-
53069,3790,-,5_Sku-30,-
53070,3790,-,5_Ler,-
53071,3790,-,5_Gro-3,-
53072,3790,-,8_Altai-5,-
53073,3790,-,8_Tsu-0,-
53074,3791,a,1_Col-0,a
53075,3791,a,4_Cvi-0,a
53076,3791,a,7_Ler,a
53077,3791,a,3_C24,a
53078,3791,a,6_Kyo,a
53079,3791,a,5_Eri-1,a
53080,3791,a,8_Sha,a
53081,3791,a,2_An-1,a
53082,3791,-,1_Kas-1,-
53083,3791,-,5_Sku-30,-
53084,3791,-,5_Ler,-
53085,3791,-,5_Gro-3,-
53086,3791,-,8_Altai-5,-
53087,3791,-,8_Tsu-0,-
53088,3792,a,1_Col-0,a
53089,3792,a,4_Cvi-0,a
53090,3792,a,7_Ler,a
53091,3792,a,3_C24,a
53092,3792,a,6_Kyo,a
53093,3792,a,5_Eri-1,a
53094,3792,a,8_Sha,a
53095,3792,a,2_An-1,a
53096,3792,-,1_Kas-1,-
53097,3792,-,5_Sku-30,-
53098,3792,-,5_Ler,-
53099,3792,-,5_Gro-3,-
53100,3792,-,8_Altai-5,-
53101,3792,-,8_Tsu-0,-
53102,3793,g,1_Col-0,g
53103,3793,g,4_Cvi-0,g
53104,3793,g,7_Ler,g
53105,3793,g,3_C24,g
53106,3793,g,6_Kyo,g
53107,3793,g,5_Eri-1,g
53108,3793,g,8_Sha,g
53109,3793,g,2_An-1,g
53110,3793,-,1_Kas-1,-
53111,3793,-,5_Sku-30,-
53112,3793,-,5_Ler,-
53113,3793,-,5_Gro-3,-
53114,3793,-,8_Altai-5,-
53115,3793,-,8_Tsu-0,-
53116,3794,c,1_Col-0,c
53117,3794,c,4_Cvi-0,c
53118,3794,c,7_Ler,c
53119,3794,c,3_C24,c
53120,3794,c,6_Kyo,c
53121,3794,c,5_Eri-1,c
53122,3794,c,8_Sha,c
53123,3794,c,2_An-1,c
53124,3794,-,1_Kas-1,-
53125,3794,-,5_Sku-30,-
53126,3794,-,5_Ler,-
53127,3794,-,5_Gro-3,-
53128,3794,-,8_Altai-5,-
53129,3794,-,8_Tsu-0,-
53130,3795,c,1_Col-0,c
53131,3795,c,4_Cvi-0,c
53132,3795,c,7_Ler,c
53133,3795,c,3_C24,c
53134,3795,c,6_Kyo,c
53135,3795,c,5_Eri-1,c
53136,3795,c,8_Sha,c
53137,3795,c,2_An-1,c
53138,3795,-,1_Kas-1,-
53139,3795,-,5_Sku-30,-
53140,3795,-,5_Ler,-
53141,3795,-,5_Gro-3,-
53142,3795,-,8_Altai-5,-
53143,3795,-,8_Tsu-0,-
53144,3796,g,1_Col-0,g
53145,3796,g,4_Cvi-0,g
53146,3796,g,7_Ler,g
53147,3796,g,3_C24,g
53148,3796,g,6_Kyo,g
53149,3796,g,5_Eri-1,g
53150,3796,g,8_Sha,g
53151,3796,g,2_An-1,g
53152,3796,-,1_Kas-1,-
53153,3796,-,5_Sku-30,-
53154,3796,-,5_Ler,-
53155,3796,-,5_Gro-3,-
53156,3796,-,8_Altai-5,-
53157,3796,-,8_Tsu-0,-
53158,3797,t,1_Col-0,t
53159,3797,t,4_Cvi-0,t
53160,3797,t,7_Ler,t
53161,3797,t,3_C24,t
53162,3797,t,6_Kyo,t
53163,3797,t,5_Eri-1,t
53164,3797,t,8_Sha,t
53165,3797,t,2_An-1,t
53166,3797,-,1_Kas-1,-
53167,3797,-,5_Sku-30,-
53168,3797,-,5_Ler,-
53169,3797,-,5_Gro-3,-
53170,3797,-,8_Altai-5,-
53171,3797,-,8_Tsu-0,-
53172,3798,t,1_Col-0,t
53173,3798,t,4_Cvi-0,t
53174,3798,t,7_Ler,t
53175,3798,t,3_C24,t
53176,3798,t,6_Kyo,t
53177,3798,t,5_Eri-1,t
53178,3798,t,8_Sha,t
53179,3798,t,2_An-1,t
53180,3798,-,1_Kas-1,-
53181,3798,-,5_Sku-30,-
53182,3798,-,5_Ler,-
53183,3798,-,5_Gro-3,-
53184,3798,-,8_Altai-5,-
53185,3798,-,8_Tsu-0,-
53186,3799,g,1_Col-0,g
53187,3799,g,4_Cvi-0,g
53188,3799,g,7_Ler,g
53189,3799,g,3_C24,g
53190,3799,g,6_Kyo,g
53191,3799,g,5_Eri-1,g
53192,3799,g,8_Sha,g
53193,3799,g,2_An-1,g
53194,3799,-,1_Kas-1,-
53195,3799,-,5_Sku-30,-
53196,3799,-,5_Ler,-
53197,3799,-,5_Gro-3,-
53198,3799,-,8_Altai-5,-
53199,3799,-,8_Tsu-0,-
53200,3800,t,1_Col-0,t
53201,3800,t,4_Cvi-0,t
53202,3800,t,7_Ler,t
53203,3800,t,3_C24,t
53204,3800,t,6_Kyo,t
53205,3800,t,5_Eri-1,t
53206,3800,t,8_Sha,t
53207,3800,t,2_An-1,t
53208,3800,-,1_Kas-1,-
53209,3800,-,5_Sku-30,-
53210,3800,-,5_Ler,-
53211,3800,-,5_Gro-3,-
53212,3800,-,8_Altai-5,-
53213,3800,-,8_Tsu-0,-
53214,3801,g,1_Col-0,g
53215,3801,g,4_Cvi-0,g
53216,3801,g,7_Ler,g
53217,3801,g,3_C24,g
53218,3801,g,6_Kyo,g
53219,3801,g,5_Eri-1,g
53220,3801,g,8_Sha,g
53221,3801,g,2_An-1,g
53222,3801,-,1_Kas-1,-
53223,3801,-,5_Sku-30,-
53224,3801,-,5_Ler,-
53225,3801,-,5_Gro-3,-
53226,3801,-,8_Altai-5,-
53227,3801,-,8_Tsu-0,-
53228,3802,a,1_Col-0,a
53229,3802,a,4_Cvi-0,a
53230,3802,a,7_Ler,a
53231,3802,a,3_C24,a
53232,3802,a,6_Kyo,a
53233,3802,a,5_Eri-1,a
53234,3802,a,8_Sha,a
53235,3802,a,2_An-1,a
53236,3802,-,1_Kas-1,-
53237,3802,-,5_Sku-30,-
53238,3802,-,5_Ler,-
53239,3802,-,5_Gro-3,-
53240,3802,-,8_Altai-5,-
53241,3802,-,8_Tsu-0,-
53242,3803,t,1_Col-0,t
53243,3803,t,4_Cvi-0,t
53244,3803,t,7_Ler,t
53245,3803,t,3_C24,t
53246,3803,t,6_Kyo,t
53247,3803,t,5_Eri-1,t
53248,3803,t,8_Sha,t
53249,3803,t,2_An-1,t
53250,3803,-,1_Kas-1,-
53251,3803,-,5_Sku-30,-
53252,3803,-,5_Ler,-
53253,3803,-,5_Gro-3,-
53254,3803,-,8_Altai-5,-
53255,3803,-,8_Tsu-0,-
53256,3804,a,1_Col-0,a
53257,3804,a,4_Cvi-0,a
53258,3804,a,7_Ler,a
53259,3804,a,3_C24,a
53260,3804,a,6_Kyo,a
53261,3804,a,5_Eri-1,a
53262,3804,a,8_Sha,a
53263,3804,a,2_An-1,a
53264,3804,-,1_Kas-1,-
53265,3804,-,5_Sku-30,-
53266,3804,-,5_Ler,-
53267,3804,-,5_Gro-3,-
53268,3804,-,8_Altai-5,-
53269,3804,-,8_Tsu-0,-
53270,3805,a,1_Col-0,a
53271,3805,a,4_Cvi-0,a
53272,3805,a,7_Ler,a
53273,3805,a,3_C24,a
53274,3805,a,6_Kyo,a
53275,3805,a,5_Eri-1,a
53276,3805,a,8_Sha,a
53277,3805,a,2_An-1,a
53278,3805,-,1_Kas-1,-
53279,3805,-,5_Sku-30,-
53280,3805,-,5_Ler,-
53281,3805,-,5_Gro-3,-
53282,3805,-,8_Altai-5,-
53283,3805,-,8_Tsu-0,-
53284,3806,c,1_Col-0,c
53285,3806,c,4_Cvi-0,c
53286,3806,c,7_Ler,c
53287,3806,c,3_C24,c
53288,3806,c,6_Kyo,c
53289,3806,c,5_Eri-1,c
53290,3806,c,8_Sha,c
53291,3806,c,2_An-1,c
53292,3806,-,1_Kas-1,-
53293,3806,-,5_Sku-30,-
53294,3806,-,5_Ler,-
53295,3806,-,5_Gro-3,-
53296,3806,-,8_Altai-5,-
53297,3806,-,8_Tsu-0,-
53298,3807,c,1_Col-0,c
53299,3807,c,4_Cvi-0,c
53300,3807,c,7_Ler,c
53301,3807,c,3_C24,c
53302,3807,c,6_Kyo,c
53303,3807,c,5_Eri-1,c
53304,3807,c,8_Sha,c
53305,3807,c,2_An-1,c
53306,3807,-,1_Kas-1,-
53307,3807,-,5_Sku-30,-
53308,3807,-,5_Ler,-
53309,3807,-,5_Gro-3,-
53310,3807,-,8_Altai-5,-
53311,3807,-,8_Tsu-0,-
53312,3808,t,1_Col-0,t
53313,3808,t,4_Cvi-0,t
53314,3808,t,7_Ler,t
53315,3808,t,3_C24,t
53316,3808,t,6_Kyo,t
53317,3808,t,5_Eri-1,t
53318,3808,t,8_Sha,t
53319,3808,t,2_An-1,t
53320,3808,-,1_Kas-1,-
53321,3808,-,5_Sku-30,-
53322,3808,-,5_Ler,-
53323,3808,-,5_Gro-3,-
53324,3808,-,8_Altai-5,-
53325,3808,-,8_Tsu-0,-
53326,3809,c,1_Col-0,c
53327,3809,c,4_Cvi-0,c
53328,3809,c,7_Ler,c
53329,3809,c,3_C24,c
53330,3809,c,6_Kyo,c
53331,3809,c,5_Eri-1,c
53332,3809,c,8_Sha,c
53333,3809,c,2_An-1,c
53334,3809,-,1_Kas-1,-
53335,3809,-,5_Sku-30,-
53336,3809,-,5_Ler,-
53337,3809,-,5_Gro-3,-
53338,3809,-,8_Altai-5,-
53339,3809,-,8_Tsu-0,-
53340,3810,t,1_Col-0,t
53341,3810,t,4_Cvi-0,t
53342,3810,t,7_Ler,t
53343,3810,t,3_C24,t
53344,3810,t,6_Kyo,t
53345,3810,t,5_Eri-1,t
53346,3810,t,8_Sha,t
53347,3810,t,2_An-1,t
53348,3810,-,1_Kas-1,-
53349,3810,-,5_Sku-30,-
53350,3810,-,5_Ler,-
53351,3810,-,5_Gro-3,-
53352,3810,-,8_Altai-5,-
53353,3810,-,8_Tsu-0,-
53354,3811,t,1_Col-0,t
53355,3811,t,4_Cvi-0,t
53356,3811,t,7_Ler,t
53357,3811,t,3_C24,t
53358,3811,t,6_Kyo,t
53359,3811,t,5_Eri-1,t
53360,3811,t,8_Sha,t
53361,3811,t,2_An-1,t
53362,3811,-,1_Kas-1,-
53363,3811,-,5_Sku-30,-
53364,3811,-,5_Ler,-
53365,3811,-,5_Gro-3,-
53366,3811,-,8_Altai-5,-
53367,3811,-,8_Tsu-0,-
53368,3812,t,1_Col-0,t
53369,3812,t,4_Cvi-0,t
53370,3812,t,7_Ler,t
53371,3812,t,3_C24,t
53372,3812,t,6_Kyo,t
53373,3812,t,5_Eri-1,t
53374,3812,t,8_Sha,t
53375,3812,t,2_An-1,t
53376,3812,-,1_Kas-1,-
53377,3812,-,5_Sku-30,-
53378,3812,-,5_Ler,-
53379,3812,-,5_Gro-3,-
53380,3812,-,8_Altai-5,-
53381,3812,-,8_Tsu-0,-
53382,3813,a,1_Col-0,a
53383,3813,a,4_Cvi-0,a
53384,3813,a,7_Ler,a
53385,3813,a,3_C24,a
53386,3813,a,6_Kyo,a
53387,3813,a,5_Eri-1,a
53388,3813,a,8_Sha,a
53389,3813,a,2_An-1,a
53390,3813,-,1_Kas-1,-
53391,3813,-,5_Sku-30,-
53392,3813,-,5_Ler,-
53393,3813,-,5_Gro-3,-
53394,3813,-,8_Altai-5,-
53395,3813,-,8_Tsu-0,-
53396,3814,g,1_Col-0,g
53397,3814,g,4_Cvi-0,g
53398,3814,g,7_Ler,g
53399,3814,g,3_C24,g
53400,3814,g,6_Kyo,g
53401,3814,g,5_Eri-1,g
53402,3814,g,8_Sha,g
53403,3814,g,2_An-1,g
53404,3814,-,1_Kas-1,-
53405,3814,-,5_Sku-30,-
53406,3814,-,5_Ler,-
53407,3814,-,5_Gro-3,-
53408,3814,-,8_Altai-5,-
53409,3814,-,8_Tsu-0,-
53410,3815,a,1_Col-0,a
53411,3815,a,4_Cvi-0,a
53412,3815,a,7_Ler,a
53413,3815,a,3_C24,a
53414,3815,a,6_Kyo,a
53415,3815,a,5_Eri-1,a
53416,3815,a,8_Sha,a
53417,3815,a,2_An-1,a
53418,3815,-,1_Kas-1,-
53419,3815,-,5_Sku-30,-
53420,3815,-,5_Ler,-
53421,3815,-,5_Gro-3,-
53422,3815,-,8_Altai-5,-
53423,3815,-,8_Tsu-0,-
53424,3816,t,1_Col-0,t
53425,3816,t,4_Cvi-0,t
53426,3816,t,7_Ler,t
53427,3816,t,3_C24,t
53428,3816,t,6_Kyo,t
53429,3816,t,5_Eri-1,t
53430,3816,t,8_Sha,t
53431,3816,t,2_An-1,t
53432,3816,-,1_Kas-1,-
53433,3816,-,5_Sku-30,-
53434,3816,-,5_Ler,-
53435,3816,-,5_Gro-3,-
53436,3816,-,8_Altai-5,-
53437,3816,-,8_Tsu-0,-
53438,3817,t,1_Col-0,t
53439,3817,t,4_Cvi-0,t
53440,3817,t,7_Ler,t
53441,3817,t,3_C24,t
53442,3817,t,6_Kyo,t
53443,3817,t,5_Eri-1,t
53444,3817,t,8_Sha,t
53445,3817,t,2_An-1,t
53446,3817,-,1_Kas-1,-
53447,3817,-,5_Sku-30,-
53448,3817,-,5_Ler,-
53449,3817,-,5_Gro-3,-
53450,3817,-,8_Altai-5,-
53451,3817,-,8_Tsu-0,-
53452,3818,c,1_Col-0,c
53453,3818,c,4_Cvi-0,c
53454,3818,c,7_Ler,c
53455,3818,c,3_C24,c
53456,3818,c,6_Kyo,c
53457,3818,c,5_Eri-1,c
53458,3818,c,8_Sha,c
53459,3818,c,2_An-1,c
53460,3818,-,1_Kas-1,-
53461,3818,-,5_Sku-30,-
53462,3818,-,5_Ler,-
53463,3818,-,5_Gro-3,-
53464,3818,-,8_Altai-5,-
53465,3818,-,8_Tsu-0,-
53466,3819,t,1_Col-0,t
53467,3819,t,4_Cvi-0,t
53468,3819,t,7_Ler,t
53469,3819,t,3_C24,t
53470,3819,t,6_Kyo,t
53471,3819,t,5_Eri-1,t
53472,3819,t,8_Sha,t
53473,3819,t,2_An-1,t
53474,3819,-,1_Kas-1,-
53475,3819,-,5_Sku-30,-
53476,3819,-,5_Ler,-
53477,3819,-,5_Gro-3,-
53478,3819,-,8_Altai-5,-
53479,3819,-,8_Tsu-0,-
53480,3820,a,1_Col-0,a
53481,3820,a,4_Cvi-0,a
53482,3820,a,7_Ler,a
53483,3820,a,3_C24,a
53484,3820,a,6_Kyo,a
53485,3820,a,5_Eri-1,a
53486,3820,a,8_Sha,a
53487,3820,a,2_An-1,a
53488,3820,-,1_Kas-1,-
53489,3820,-,5_Sku-30,-
53490,3820,-,5_Ler,-
53491,3820,-,5_Gro-3,-
53492,3820,-,8_Altai-5,-
53493,3820,-,8_Tsu-0,-
53494,3821,g,1_Col-0,g
53495,3821,g,4_Cvi-0,g
53496,3821,g,7_Ler,g
53497,3821,g,3_C24,g
53498,3821,g,6_Kyo,g
53499,3821,g,5_Eri-1,g
53500,3821,g,8_Sha,g
53501,3821,g,2_An-1,g
53502,3821,-,1_Kas-1,-
53503,3821,-,5_Sku-30,-
53504,3821,-,5_Ler,-
53505,3821,-,5_Gro-3,-
53506,3821,-,8_Altai-5,-
53507,3821,-,8_Tsu-0,-
53508,3822,a,1_Col-0,a
53509,3822,a,4_Cvi-0,a
53510,3822,a,7_Ler,a
53511,3822,a,3_C24,a
53512,3822,a,6_Kyo,a
53513,3822,a,5_Eri-1,a
53514,3822,a,8_Sha,a
53515,3822,a,2_An-1,a
53516,3822,-,1_Kas-1,-
53517,3822,-,5_Sku-30,-
53518,3822,-,5_Ler,-
53519,3822,-,5_Gro-3,-
53520,3822,-,8_Altai-5,-
53521,3822,-,8_Tsu-0,-
53522,3823,g,1_Col-0,g
53523,3823,g,4_Cvi-0,g
53524,3823,g,7_Ler,g
53525,3823,g,3_C24,g
53526,3823,g,6_Kyo,g
53527,3823,g,5_Eri-1,g
53528,3823,g,8_Sha,g
53529,3823,g,2_An-1,g
53530,3823,-,1_Kas-1,-
53531,3823,-,5_Sku-30,-
53532,3823,-,5_Ler,-
53533,3823,-,5_Gro-3,-
53534,3823,-,8_Altai-5,-
53535,3823,-,8_Tsu-0,-
53536,3824,a,1_Col-0,a
53537,3824,a,4_Cvi-0,a
53538,3824,a,7_Ler,a
53539,3824,a,3_C24,a
53540,3824,a,6_Kyo,a
53541,3824,a,5_Eri-1,a
53542,3824,a,8_Sha,a
53543,3824,a,2_An-1,a
53544,3824,-,1_Kas-1,-
53545,3824,-,5_Sku-30,-
53546,3824,-,5_Ler,-
53547,3824,-,5_Gro-3,-
53548,3824,-,8_Altai-5,-
53549,3824,-,8_Tsu-0,-
53550,3825,a,1_Col-0,a
53551,3825,a,4_Cvi-0,a
53552,3825,a,7_Ler,a
53553,3825,a,3_C24,a
53554,3825,a,6_Kyo,a
53555,3825,a,5_Eri-1,a
53556,3825,a,8_Sha,a
53557,3825,a,2_An-1,a
53558,3825,-,1_Kas-1,-
53559,3825,-,5_Sku-30,-
53560,3825,-,5_Ler,-
53561,3825,-,5_Gro-3,-
53562,3825,-,8_Altai-5,-
53563,3825,-,8_Tsu-0,-
53564,3826,a,1_Col-0,a
53565,3826,a,4_Cvi-0,a
53566,3826,a,7_Ler,a
53567,3826,a,3_C24,a
53568,3826,a,6_Kyo,a
53569,3826,a,5_Eri-1,a
53570,3826,a,8_Sha,a
53571,3826,a,2_An-1,a
53572,3826,-,1_Kas-1,-
53573,3826,-,5_Sku-30,-
53574,3826,-,5_Ler,-
53575,3826,-,5_Gro-3,-
53576,3826,-,8_Altai-5,-
53577,3826,-,8_Tsu-0,-
53578,3827,c,1_Col-0,c
53579,3827,c,4_Cvi-0,c
53580,3827,c,7_Ler,c
53581,3827,c,3_C24,c
53582,3827,c,6_Kyo,c
53583,3827,c,5_Eri-1,c
53584,3827,c,8_Sha,c
53585,3827,c,2_An-1,c
53586,3827,-,1_Kas-1,-
53587,3827,-,5_Sku-30,-
53588,3827,-,5_Ler,-
53589,3827,-,5_Gro-3,-
53590,3827,-,8_Altai-5,-
53591,3827,-,8_Tsu-0,-
53592,3828,t,1_Col-0,t
53593,3828,t,4_Cvi-0,t
53594,3828,t,7_Ler,t
53595,3828,t,3_C24,t
53596,3828,t,6_Kyo,t
53597,3828,t,5_Eri-1,t
53598,3828,t,8_Sha,t
53599,3828,t,2_An-1,t
53600,3828,-,1_Kas-1,-
53601,3828,-,5_Sku-30,-
53602,3828,-,5_Ler,-
53603,3828,-,5_Gro-3,-
53604,3828,-,8_Altai-5,-
53605,3828,-,8_Tsu-0,-
53606,3829,g,1_Col-0,g
53607,3829,g,4_Cvi-0,g
53608,3829,g,7_Ler,g
53609,3829,g,3_C24,g
53610,3829,g,6_Kyo,g
53611,3829,g,5_Eri-1,g
53612,3829,g,8_Sha,g
53613,3829,g,2_An-1,g
53614,3829,-,1_Kas-1,-
53615,3829,-,5_Sku-30,-
53616,3829,-,5_Ler,-
53617,3829,-,5_Gro-3,-
53618,3829,-,8_Altai-5,-
53619,3829,-,8_Tsu-0,-
53620,3830,c,1_Col-0,c
53621,3830,c,4_Cvi-0,c
53622,3830,c,7_Ler,c
53623,3830,c,3_C24,c
53624,3830,c,6_Kyo,c
53625,3830,c,5_Eri-1,c
53626,3830,c,8_Sha,c
53627,3830,c,2_An-1,c
53628,3830,-,1_Kas-1,-
53629,3830,-,5_Sku-30,-
53630,3830,-,5_Ler,-
53631,3830,-,5_Gro-3,-
53632,3830,-,8_Altai-5,-
53633,3830,-,8_Tsu-0,-
53634,3831,a,1_Col-0,a
53635,3831,a,4_Cvi-0,a
53636,3831,a,7_Ler,a
53637,3831,a,3_C24,a
53638,3831,a,6_Kyo,a
53639,3831,a,5_Eri-1,a
53640,3831,a,8_Sha,a
53641,3831,a,2_An-1,a
53642,3831,-,1_Kas-1,-
53643,3831,-,5_Sku-30,-
53644,3831,-,5_Ler,-
53645,3831,-,5_Gro-3,-
53646,3831,-,8_Altai-5,-
53647,3831,-,8_Tsu-0,-
53648,3832,a,1_Col-0,a
53649,3832,a,4_Cvi-0,a
53650,3832,a,7_Ler,a
53651,3832,a,3_C24,a
53652,3832,a,6_Kyo,a
53653,3832,a,5_Eri-1,a
53654,3832,a,8_Sha,a
53655,3832,a,2_An-1,a
53656,3832,-,1_Kas-1,-
53657,3832,-,5_Sku-30,-
53658,3832,-,5_Ler,-
53659,3832,-,5_Gro-3,-
53660,3832,-,8_Altai-5,-
53661,3832,-,8_Tsu-0,-
53662,3833,a,1_Col-0,a
53663,3833,a,4_Cvi-0,a
53664,3833,a,7_Ler,a
53665,3833,a,3_C24,a
53666,3833,a,6_Kyo,a
53667,3833,a,5_Eri-1,a
53668,3833,a,8_Sha,a
53669,3833,a,2_An-1,a
53670,3833,-,1_Kas-1,-
53671,3833,-,5_Sku-30,-
53672,3833,-,5_Ler,-
53673,3833,-,5_Gro-3,-
53674,3833,-,8_Altai-5,-
53675,3833,-,8_Tsu-0,-
53676,3834,g,1_Col-0,g
53677,3834,g,4_Cvi-0,g
53678,3834,g,7_Ler,g
53679,3834,g,3_C24,g
53680,3834,g,6_Kyo,g
53681,3834,g,5_Eri-1,g
53682,3834,g,8_Sha,g
53683,3834,g,2_An-1,g
53684,3834,-,1_Kas-1,-
53685,3834,-,5_Sku-30,-
53686,3834,-,5_Ler,-
53687,3834,-,5_Gro-3,-
53688,3834,-,8_Altai-5,-
53689,3834,-,8_Tsu-0,-
53690,3835,g,1_Col-0,g
53691,3835,g,4_Cvi-0,g
53692,3835,g,7_Ler,g
53693,3835,g,3_C24,g
53694,3835,g,6_Kyo,g
53695,3835,g,5_Eri-1,g
53696,3835,g,8_Sha,g
53697,3835,g,2_An-1,g
53698,3835,-,1_Kas-1,-
53699,3835,-,5_Sku-30,-
53700,3835,-,5_Ler,-
53701,3835,-,5_Gro-3,-
53702,3835,-,8_Altai-5,-
53703,3835,-,8_Tsu-0,-
53704,3836,a,1_Col-0,a
53705,3836,a,4_Cvi-0,a
53706,3836,a,7_Ler,a
53707,3836,a,3_C24,a
53708,3836,a,6_Kyo,a
53709,3836,a,5_Eri-1,a
53710,3836,a,8_Sha,a
53711,3836,a,2_An-1,a
53712,3836,-,1_Kas-1,-
53713,3836,-,5_Sku-30,-
53714,3836,-,5_Ler,-
53715,3836,-,5_Gro-3,-
53716,3836,-,8_Altai-5,-
53717,3836,-,8_Tsu-0,-
53718,3837,g,1_Col-0,g
53719,3837,g,4_Cvi-0,g
53720,3837,g,7_Ler,g
53721,3837,g,3_C24,g
53722,3837,g,6_Kyo,g
53723,3837,g,5_Eri-1,g
53724,3837,g,8_Sha,g
53725,3837,g,2_An-1,g
53726,3837,-,1_Kas-1,-
53727,3837,-,5_Sku-30,-
53728,3837,-,5_Ler,-
53729,3837,-,5_Gro-3,-
53730,3837,-,8_Altai-5,-
53731,3837,-,8_Tsu-0,-
53732,3838,a,1_Col-0,a
53733,3838,a,4_Cvi-0,a
53734,3838,a,7_Ler,a
53735,3838,a,3_C24,a
53736,3838,a,6_Kyo,a
53737,3838,a,5_Eri-1,a
53738,3838,a,8_Sha,a
53739,3838,a,2_An-1,a
53740,3838,-,1_Kas-1,-
53741,3838,-,5_Sku-30,-
53742,3838,-,5_Ler,-
53743,3838,-,5_Gro-3,-
53744,3838,-,8_Altai-5,-
53745,3838,-,8_Tsu-0,-
53746,3839,a,1_Col-0,a
53747,3839,a,4_Cvi-0,a
53748,3839,a,7_Ler,a
53749,3839,a,3_C24,a
53750,3839,a,6_Kyo,a
53751,3839,a,5_Eri-1,a
53752,3839,a,8_Sha,a
53753,3839,a,2_An-1,a
53754,3839,-,1_Kas-1,-
53755,3839,-,5_Sku-30,-
53756,3839,-,5_Ler,-
53757,3839,-,5_Gro-3,-
53758,3839,-,8_Altai-5,-
53759,3839,-,8_Tsu-0,-
53760,3840,a,1_Col-0,a
53761,3840,a,4_Cvi-0,a
53762,3840,a,7_Ler,a
53763,3840,a,3_C24,a
53764,3840,a,6_Kyo,a
53765,3840,a,5_Eri-1,a
53766,3840,a,8_Sha,a
53767,3840,a,2_An-1,a
53768,3840,-,1_Kas-1,-
53769,3840,-,5_Sku-30,-
53770,3840,-,5_Ler,-
53771,3840,-,5_Gro-3,-
53772,3840,-,8_Altai-5,-
53773,3840,-,8_Tsu-0,-
53774,3841,g,1_Col-0,g
53775,3841,g,4_Cvi-0,g
53776,3841,g,7_Ler,g
53777,3841,g,3_C24,g
53778,3841,g,6_Kyo,g
53779,3841,g,5_Eri-1,g
53780,3841,g,8_Sha,g
53781,3841,g,2_An-1,g
53782,3841,-,1_Kas-1,-
53783,3841,-,5_Sku-30,-
53784,3841,-,5_Ler,-
53785,3841,-,5_Gro-3,-
53786,3841,-,8_Altai-5,-
53787,3841,-,8_Tsu-0,-
53788,3842,t,1_Col-0,t
53789,3842,t,4_Cvi-0,t
53790,3842,t,7_Ler,t
53791,3842,t,3_C24,t
53792,3842,t,6_Kyo,t
53793,3842,t,5_Eri-1,t
53794,3842,t,8_Sha,t
53795,3842,t,2_An-1,t
53796,3842,-,1_Kas-1,-
53797,3842,-,5_Sku-30,-
53798,3842,-,5_Ler,-
53799,3842,-,5_Gro-3,-
53800,3842,-,8_Altai-5,-
53801,3842,-,8_Tsu-0,-
53802,3843,a,1_Col-0,a
53803,3843,a,4_Cvi-0,a
53804,3843,a,7_Ler,a
53805,3843,a,3_C24,a
53806,3843,a,6_Kyo,a
53807,3843,a,5_Eri-1,a
53808,3843,a,8_Sha,a
53809,3843,a,2_An-1,a
53810,3843,-,1_Kas-1,-
53811,3843,-,5_Sku-30,-
53812,3843,-,5_Ler,-
53813,3843,-,5_Gro-3,-
53814,3843,-,8_Altai-5,-
53815,3843,-,8_Tsu-0,-
53816,3844,c,1_Col-0,c
53817,3844,c,4_Cvi-0,c
53818,3844,c,7_Ler,c
53819,3844,c,3_C24,c
53820,3844,c,6_Kyo,c
53821,3844,c,5_Eri-1,c
53822,3844,c,8_Sha,c
53823,3844,c,2_An-1,c
53824,3844,-,1_Kas-1,-
53825,3844,-,5_Sku-30,-
53826,3844,-,5_Ler,-
53827,3844,-,5_Gro-3,-
53828,3844,-,8_Altai-5,-
53829,3844,-,8_Tsu-0,-
53830,3845,t,1_Col-0,t
53831,3845,t,4_Cvi-0,t
53832,3845,t,7_Ler,t
53833,3845,t,3_C24,t
53834,3845,t,6_Kyo,t
53835,3845,t,5_Eri-1,t
53836,3845,t,8_Sha,t
53837,3845,t,2_An-1,t
53838,3845,-,1_Kas-1,-
53839,3845,-,5_Sku-30,-
53840,3845,-,5_Ler,-
53841,3845,-,5_Gro-3,-
53842,3845,-,8_Altai-5,-
53843,3845,-,8_Tsu-0,-
53844,3846,t,1_Col-0,t
53845,3846,t,4_Cvi-0,t
53846,3846,t,7_Ler,t
53847,3846,t,3_C24,t
53848,3846,t,6_Kyo,t
53849,3846,t,5_Eri-1,t
53850,3846,t,8_Sha,t
53851,3846,t,2_An-1,t
53852,3846,-,1_Kas-1,-
53853,3846,-,5_Sku-30,-
53854,3846,-,5_Ler,-
53855,3846,-,5_Gro-3,-
53856,3846,-,8_Altai-5,-
53857,3846,-,8_Tsu-0,-
53858,3847,t,1_Col-0,t
53859,3847,t,4_Cvi-0,t
53860,3847,t,7_Ler,t
53861,3847,t,3_C24,t
53862,3847,t,6_Kyo,t
53863,3847,t,5_Eri-1,t
53864,3847,t,8_Sha,t
53865,3847,t,2_An-1,t
53866,3847,-,1_Kas-1,-
53867,3847,-,5_Sku-30,-
53868,3847,-,5_Ler,-
53869,3847,-,5_Gro-3,-
53870,3847,-,8_Altai-5,-
53871,3847,-,8_Tsu-0,-
53872,3848,a,1_Col-0,a
53873,3848,a,4_Cvi-0,a
53874,3848,a,7_Ler,a
53875,3848,a,3_C24,a
53876,3848,a,6_Kyo,a
53877,3848,a,5_Eri-1,a
53878,3848,a,8_Sha,a
53879,3848,a,2_An-1,a
53880,3848,-,1_Kas-1,-
53881,3848,-,5_Sku-30,-
53882,3848,-,5_Ler,-
53883,3848,-,5_Gro-3,-
53884,3848,-,8_Altai-5,-
53885,3848,-,8_Tsu-0,-
53886,3849,t,1_Col-0,t
53887,3849,t,4_Cvi-0,t
53888,3849,t,7_Ler,t
53889,3849,t,3_C24,t
53890,3849,t,6_Kyo,t
53891,3849,t,5_Eri-1,t
53892,3849,t,8_Sha,t
53893,3849,t,2_An-1,t
53894,3849,-,1_Kas-1,-
53895,3849,-,5_Sku-30,-
53896,3849,-,5_Ler,-
53897,3849,-,5_Gro-3,-
53898,3849,-,8_Altai-5,-
53899,3849,-,8_Tsu-0,-
53900,3850,g,1_Col-0,g
53901,3850,g,4_Cvi-0,g
53902,3850,g,7_Ler,g
53903,3850,g,3_C24,g
53904,3850,g,6_Kyo,g
53905,3850,g,5_Eri-1,g
53906,3850,g,8_Sha,g
53907,3850,g,2_An-1,g
53908,3850,-,1_Kas-1,-
53909,3850,-,5_Sku-30,-
53910,3850,-,5_Ler,-
53911,3850,-,5_Gro-3,-
53912,3850,-,8_Altai-5,-
53913,3850,-,8_Tsu-0,-
53914,3851,a,1_Col-0,a
53915,3851,a,4_Cvi-0,a
53916,3851,a,7_Ler,a
53917,3851,a,3_C24,a
53918,3851,a,6_Kyo,a
53919,3851,a,5_Eri-1,a
53920,3851,a,8_Sha,a
53921,3851,a,2_An-1,a
53922,3851,-,1_Kas-1,-
53923,3851,-,5_Sku-30,-
53924,3851,-,5_Ler,-
53925,3851,-,5_Gro-3,-
53926,3851,-,8_Altai-5,-
53927,3851,-,8_Tsu-0,-
53928,3852,g,1_Col-0,g
53929,3852,g,4_Cvi-0,g
53930,3852,g,7_Ler,g
53931,3852,g,3_C24,g
53932,3852,g,6_Kyo,g
53933,3852,g,5_Eri-1,g
53934,3852,g,8_Sha,g
53935,3852,g,2_An-1,g
53936,3852,-,1_Kas-1,-
53937,3852,-,5_Sku-30,-
53938,3852,-,5_Ler,-
53939,3852,-,5_Gro-3,-
53940,3852,-,8_Altai-5,-
53941,3852,-,8_Tsu-0,-
53942,3853,a,1_Col-0,a
53943,3853,a,4_Cvi-0,a
53944,3853,a,7_Ler,a
53945,3853,a,3_C24,a
53946,3853,a,6_Kyo,a
53947,3853,a,5_Eri-1,a
53948,3853,a,8_Sha,a
53949,3853,a,2_An-1,a
53950,3853,-,1_Kas-1,-
53951,3853,-,5_Sku-30,-
53952,3853,-,5_Ler,-
53953,3853,-,5_Gro-3,-
53954,3853,-,8_Altai-5,-
53955,3853,-,8_Tsu-0,-
53956,3854,a,1_Col-0,a
53957,3854,a,4_Cvi-0,a
53958,3854,a,7_Ler,a
53959,3854,a,3_C24,a
53960,3854,a,6_Kyo,a
53961,3854,a,5_Eri-1,a
53962,3854,a,8_Sha,a
53963,3854,a,2_An-1,a
53964,3854,-,1_Kas-1,-
53965,3854,-,5_Sku-30,-
53966,3854,-,5_Ler,-
53967,3854,-,5_Gro-3,-
53968,3854,-,8_Altai-5,-
53969,3854,-,8_Tsu-0,-
53970,3855,a,1_Col-0,a
53971,3855,a,4_Cvi-0,a
53972,3855,a,7_Ler,a
53973,3855,a,3_C24,a
53974,3855,a,6_Kyo,a
53975,3855,a,5_Eri-1,a
53976,3855,a,8_Sha,a
53977,3855,a,2_An-1,a
53978,3855,-,1_Kas-1,-
53979,3855,-,5_Sku-30,-
53980,3855,-,5_Ler,-
53981,3855,-,5_Gro-3,-
53982,3855,-,8_Altai-5,-
53983,3855,-,8_Tsu-0,-
53984,3856,t,1_Col-0,t
53985,3856,t,4_Cvi-0,t
53986,3856,t,7_Ler,t
53987,3856,t,3_C24,t
53988,3856,t,6_Kyo,t
53989,3856,t,5_Eri-1,t
53990,3856,t,8_Sha,t
53991,3856,t,2_An-1,t
53992,3856,-,1_Kas-1,-
53993,3856,-,5_Sku-30,-
53994,3856,-,5_Ler,-
53995,3856,-,5_Gro-3,-
53996,3856,-,8_Altai-5,-
53997,3856,-,8_Tsu-0,-
53998,3857,a,1_Col-0,a
53999,3857,a,4_Cvi-0,a
54000,3857,a,7_Ler,a
54001,3857,a,3_C24,a
54002,3857,a,6_Kyo,a
54003,3857,a,5_Eri-1,a
54004,3857,a,8_Sha,a
54005,3857,a,2_An-1,a
54006,3857,-,1_Kas-1,-
54007,3857,-,5_Sku-30,-
54008,3857,-,5_Ler,-
54009,3857,-,5_Gro-3,-
54010,3857,-,8_Altai-5,-
54011,3857,-,8_Tsu-0,-
54012,3858,t,1_Col-0,t
54013,3858,t,4_Cvi-0,t
54014,3858,t,7_Ler,t
54015,3858,t,3_C24,t
54016,3858,t,6_Kyo,t
54017,3858,t,5_Eri-1,t
54018,3858,t,8_Sha,t
54019,3858,t,2_An-1,t
54020,3858,-,1_Kas-1,-
54021,3858,-,5_Sku-30,-
54022,3858,-,5_Ler,-
54023,3858,-,5_Gro-3,-
54024,3858,-,8_Altai-5,-
54025,3858,-,8_Tsu-0,-
54026,3859,t,1_Col-0,t
54027,3859,t,4_Cvi-0,t
54028,3859,t,7_Ler,t
54029,3859,t,3_C24,t
54030,3859,t,6_Kyo,t
54031,3859,t,5_Eri-1,t
54032,3859,t,8_Sha,t
54033,3859,t,2_An-1,t
54034,3859,-,1_Kas-1,-
54035,3859,-,5_Sku-30,-
54036,3859,-,5_Ler,-
54037,3859,-,5_Gro-3,-
54038,3859,-,8_Altai-5,-
54039,3859,-,8_Tsu-0,-
54040,3860,t,1_Col-0,t
54041,3860,t,4_Cvi-0,t
54042,3860,t,7_Ler,t
54043,3860,t,3_C24,t
54044,3860,t,6_Kyo,t
54045,3860,t,5_Eri-1,t
54046,3860,t,8_Sha,t
54047,3860,t,2_An-1,t
54048,3860,-,1_Kas-1,-
54049,3860,-,5_Sku-30,-
54050,3860,-,5_Ler,-
54051,3860,-,5_Gro-3,-
54052,3860,-,8_Altai-5,-
54053,3860,-,8_Tsu-0,-
54054,3861,a,1_Col-0,a
54055,3861,a,4_Cvi-0,a
54056,3861,a,7_Ler,a
54057,3861,a,3_C24,a
54058,3861,a,6_Kyo,a
54059,3861,a,5_Eri-1,a
54060,3861,a,8_Sha,a
54061,3861,a,2_An-1,a
54062,3861,-,1_Kas-1,-
54063,3861,-,5_Sku-30,-
54064,3861,-,5_Ler,-
54065,3861,-,5_Gro-3,-
54066,3861,-,8_Altai-5,-
54067,3861,-,8_Tsu-0,-
54068,3862,t,1_Col-0,t
54069,3862,t,4_Cvi-0,t
54070,3862,t,7_Ler,t
54071,3862,t,3_C24,t
54072,3862,t,6_Kyo,t
54073,3862,t,5_Eri-1,t
54074,3862,t,8_Sha,t
54075,3862,t,2_An-1,t
54076,3862,-,1_Kas-1,-
54077,3862,-,5_Sku-30,-
54078,3862,-,5_Ler,-
54079,3862,-,5_Gro-3,-
54080,3862,-,8_Altai-5,-
54081,3862,-,8_Tsu-0,-
54082,3863,c,1_Col-0,c
54083,3863,c,4_Cvi-0,c
54084,3863,c,7_Ler,c
54085,3863,c,3_C24,c
54086,3863,c,6_Kyo,c
54087,3863,c,5_Eri-1,c
54088,3863,c,8_Sha,c
54089,3863,c,2_An-1,c
54090,3863,-,1_Kas-1,-
54091,3863,-,5_Sku-30,-
54092,3863,-,5_Ler,-
54093,3863,-,5_Gro-3,-
54094,3863,-,8_Altai-5,-
54095,3863,-,8_Tsu-0,-
54096,3864,c,1_Col-0,c
54097,3864,c,4_Cvi-0,c
54098,3864,c,7_Ler,c
54099,3864,c,3_C24,c
54100,3864,c,6_Kyo,c
54101,3864,c,5_Eri-1,c
54102,3864,c,8_Sha,c
54103,3864,c,2_An-1,c
54104,3864,-,1_Kas-1,-
54105,3864,-,5_Sku-30,-
54106,3864,-,5_Ler,-
54107,3864,-,5_Gro-3,-
54108,3864,-,8_Altai-5,-
54109,3864,-,8_Tsu-0,-
54110,3865,a,1_Col-0,a
54111,3865,a,4_Cvi-0,a
54112,3865,a,7_Ler,a
54113,3865,a,3_C24,a
54114,3865,a,6_Kyo,a
54115,3865,a,5_Eri-1,a
54116,3865,a,8_Sha,a
54117,3865,a,2_An-1,a
54118,3865,-,1_Kas-1,-
54119,3865,-,5_Sku-30,-
54120,3865,-,5_Ler,-
54121,3865,-,5_Gro-3,-
54122,3865,-,8_Altai-5,-
54123,3865,-,8_Tsu-0,-
54124,3866,c,1_Col-0,c
54125,3866,c,4_Cvi-0,c
54126,3866,c,7_Ler,c
54127,3866,c,3_C24,c
54128,3866,c,6_Kyo,c
54129,3866,c,5_Eri-1,c
54130,3866,c,8_Sha,c
54131,3866,c,2_An-1,c
54132,3866,-,1_Kas-1,-
54133,3866,-,5_Sku-30,-
54134,3866,-,5_Ler,-
54135,3866,-,5_Gro-3,-
54136,3866,-,8_Altai-5,-
54137,3866,-,8_Tsu-0,-
54138,3867,a,1_Col-0,a
54139,3867,a,4_Cvi-0,a
54140,3867,a,7_Ler,a
54141,3867,a,3_C24,a
54142,3867,a,6_Kyo,a
54143,3867,a,5_Eri-1,a
54144,3867,a,8_Sha,a
54145,3867,a,2_An-1,a
54146,3867,-,1_Kas-1,-
54147,3867,-,5_Sku-30,-
54148,3867,-,5_Ler,-
54149,3867,-,5_Gro-3,-
54150,3867,-,8_Altai-5,-
54151,3867,-,8_Tsu-0,-
54152,3868,a,1_Col-0,a
54153,3868,a,4_Cvi-0,a
54154,3868,a,7_Ler,a
54155,3868,a,3_C24,a
54156,3868,a,6_Kyo,a
54157,3868,c,5_Eri-1,c
54158,3868,c,8_Sha,c
54159,3868,a,2_An-1,a
54160,3868,-,1_Kas-1,-
54161,3868,-,5_Sku-30,-
54162,3868,A,5_Ler,A
54163,3868,A,5_Gro-3,A
54164,3868,A,8_Altai-5,A
54165,3868,A,8_Tsu-0,A
54166,3869,a,1_Col-0,a
54167,3869,a,4_Cvi-0,a
54168,3869,a,7_Ler,a
54169,3869,a,3_C24,a
54170,3869,a,6_Kyo,a
54171,3869,a,5_Eri-1,a
54172,3869,a,8_Sha,a
54173,3869,a,2_An-1,a
54174,3869,-,1_Kas-1,-
54175,3869,-,5_Sku-30,-
54176,3869,-,5_Ler,-
54177,3869,-,5_Gro-3,-
54178,3869,-,8_Altai-5,-
54179,3869,-,8_Tsu-0,-
54180,3870,c,1_Col-0,c
54181,3870,c,4_Cvi-0,c
54182,3870,c,7_Ler,c
54183,3870,c,3_C24,c
54184,3870,c,6_Kyo,c
54185,3870,c,5_Eri-1,c
54186,3870,c,8_Sha,c
54187,3870,c,2_An-1,c
54188,3870,-,1_Kas-1,-
54189,3870,-,5_Sku-30,-
54190,3870,-,5_Ler,-
54191,3870,-,5_Gro-3,-
54192,3870,-,8_Altai-5,-
54193,3870,-,8_Tsu-0,-
54194,3871,a,1_Col-0,a
54195,3871,a,4_Cvi-0,a
54196,3871,a,7_Ler,a
54197,3871,a,3_C24,a
54198,3871,a,6_Kyo,a
54199,3871,a,5_Eri-1,a
54200,3871,a,8_Sha,a
54201,3871,a,2_An-1,a
54202,3871,-,1_Kas-1,-
54203,3871,-,5_Sku-30,-
54204,3871,-,5_Ler,-
54205,3871,-,5_Gro-3,-
54206,3871,-,8_Altai-5,-
54207,3871,-,8_Tsu-0,-
54208,3872,c,1_Col-0,c
54209,3872,c,4_Cvi-0,c
54210,3872,c,7_Ler,c
54211,3872,c,3_C24,c
54212,3872,c,6_Kyo,c
54213,3872,c,5_Eri-1,c
54214,3872,c,8_Sha,c
54215,3872,c,2_An-1,c
54216,3872,-,1_Kas-1,-
54217,3872,-,5_Sku-30,-
54218,3872,-,5_Ler,-
54219,3872,-,5_Gro-3,-
54220,3872,-,8_Altai-5,-
54221,3872,-,8_Tsu-0,-
54222,3873,t,1_Col-0,t
54223,3873,t,4_Cvi-0,t
54224,3873,t,7_Ler,t
54225,3873,t,3_C24,t
54226,3873,t,6_Kyo,t
54227,3873,t,5_Eri-1,t
54228,3873,t,8_Sha,t
54229,3873,t,2_An-1,t
54230,3873,-,1_Kas-1,-
54231,3873,-,5_Sku-30,-
54232,3873,-,5_Ler,-
54233,3873,-,5_Gro-3,-
54234,3873,-,8_Altai-5,-
54235,3873,-,8_Tsu-0,-
54236,3874,a,1_Col-0,a
54237,3874,a,4_Cvi-0,a
54238,3874,a,7_Ler,a
54239,3874,a,3_C24,a
54240,3874,a,6_Kyo,a
54241,3874,a,5_Eri-1,a
54242,3874,a,8_Sha,a
54243,3874,a,2_An-1,a
54244,3874,-,1_Kas-1,-
54245,3874,-,5_Sku-30,-
54246,3874,-,5_Ler,-
54247,3874,-,5_Gro-3,-
54248,3874,-,8_Altai-5,-
54249,3874,-,8_Tsu-0,-
54250,3875,a,1_Col-0,a
54251,3875,a,4_Cvi-0,a
54252,3875,a,7_Ler,a
54253,3875,a,3_C24,a
54254,3875,a,6_Kyo,a
54255,3875,a,5_Eri-1,a
54256,3875,a,8_Sha,a
54257,3875,a,2_An-1,a
54258,3875,-,1_Kas-1,-
54259,3875,-,5_Sku-30,-
54260,3875,-,5_Ler,-
54261,3875,-,5_Gro-3,-
54262,3875,-,8_Altai-5,-
54263,3875,-,8_Tsu-0,-
54264,3876,g,1_Col-0,g
54265,3876,g,4_Cvi-0,g
54266,3876,g,7_Ler,g
54267,3876,g,3_C24,g
54268,3876,g,6_Kyo,g
54269,3876,g,5_Eri-1,g
54270,3876,g,8_Sha,g
54271,3876,g,2_An-1,g
54272,3876,-,1_Kas-1,-
54273,3876,-,5_Sku-30,-
54274,3876,-,5_Ler,-
54275,3876,-,5_Gro-3,-
54276,3876,-,8_Altai-5,-
54277,3876,-,8_Tsu-0,-
54278,3877,a,1_Col-0,a
54279,3877,a,4_Cvi-0,a
54280,3877,a,7_Ler,a
54281,3877,a,3_C24,a
54282,3877,a,6_Kyo,a
54283,3877,a,5_Eri-1,a
54284,3877,a,8_Sha,a
54285,3877,a,2_An-1,a
54286,3877,-,1_Kas-1,-
54287,3877,-,5_Sku-30,-
54288,3877,-,5_Ler,-
54289,3877,-,5_Gro-3,-
54290,3877,-,8_Altai-5,-
54291,3877,-,8_Tsu-0,-
54292,3878,t,1_Col-0,t
54293,3878,t,4_Cvi-0,t
54294,3878,t,7_Ler,t
54295,3878,t,3_C24,t
54296,3878,t,6_Kyo,t
54297,3878,t,5_Eri-1,t
54298,3878,t,8_Sha,t
54299,3878,t,2_An-1,t
54300,3878,-,1_Kas-1,-
54301,3878,-,5_Sku-30,-
54302,3878,-,5_Ler,-
54303,3878,-,5_Gro-3,-
54304,3878,-,8_Altai-5,-
54305,3878,-,8_Tsu-0,-
54306,3879,a,1_Col-0,a
54307,3879,a,4_Cvi-0,a
54308,3879,a,7_Ler,a
54309,3879,a,3_C24,a
54310,3879,a,6_Kyo,a
54311,3879,a,5_Eri-1,a
54312,3879,a,8_Sha,a
54313,3879,a,2_An-1,a
54314,3879,-,1_Kas-1,-
54315,3879,-,5_Sku-30,-
54316,3879,-,5_Ler,-
54317,3879,-,5_Gro-3,-
54318,3879,-,8_Altai-5,-
54319,3879,-,8_Tsu-0,-
54320,3880,a,1_Col-0,a
54321,3880,-,4_Cvi-0,*
54322,3880,a,7_Ler,a
54323,3880,a,3_C24,a
54324,3880,a,6_Kyo,a
54325,3880,a,5_Eri-1,a
54326,3880,a,8_Sha,a
54327,3880,-,2_An-1,*
54328,3880,-,1_Kas-1,-
54329,3880,-,5_Sku-30,-
54330,3880,-,5_Ler,-
54331,3880,-,5_Gro-3,-
54332,3880,-,8_Altai-5,-
54333,3880,-,8_Tsu-0,-
54334,3881,g,1_Col-0,g
54335,3881,-,4_Cvi-0,*
54336,3881,g,7_Ler,g
54337,3881,g,3_C24,g
54338,3881,g,6_Kyo,g
54339,3881,g,5_Eri-1,g
54340,3881,g,8_Sha,g
54341,3881,-,2_An-1,*
54342,3881,-,1_Kas-1,-
54343,3881,-,5_Sku-30,-
54344,3881,-,5_Ler,-
54345,3881,-,5_Gro-3,-
54346,3881,-,8_Altai-5,-
54347,3881,-,8_Tsu-0,-
54348,3882,a,1_Col-0,a
54349,3882,-,4_Cvi-0,*
54350,3882,a,7_Ler,a
54351,3882,a,3_C24,a
54352,3882,a,6_Kyo,a
54353,3882,a,5_Eri-1,a
54354,3882,a,8_Sha,a
54355,3882,-,2_An-1,*
54356,3882,-,1_Kas-1,-
54357,3882,-,5_Sku-30,-
54358,3882,-,5_Ler,-
54359,3882,-,5_Gro-3,-
54360,3882,-,8_Altai-5,-
54361,3882,-,8_Tsu-0,-
54362,3883,g,1_Col-0,g
54363,3883,-,4_Cvi-0,*
54364,3883,g,7_Ler,g
54365,3883,g,3_C24,g
54366,3883,g,6_Kyo,g
54367,3883,g,5_Eri-1,g
54368,3883,g,8_Sha,g
54369,3883,-,2_An-1,*
54370,3883,-,1_Kas-1,-
54371,3883,-,5_Sku-30,-
54372,3883,-,5_Ler,-
54373,3883,-,5_Gro-3,-
54374,3883,-,8_Altai-5,-
54375,3883,-,8_Tsu-0,-
54376,3884,t,1_Col-0,t
54377,3884,-,4_Cvi-0,*
54378,3884,t,7_Ler,t
54379,3884,t,3_C24,t
54380,3884,t,6_Kyo,t
54381,3884,t,5_Eri-1,t
54382,3884,t,8_Sha,t
54383,3884,-,2_An-1,*
54384,3884,-,1_Kas-1,-
54385,3884,-,5_Sku-30,-
54386,3884,-,5_Ler,-
54387,3884,-,5_Gro-3,-
54388,3884,-,8_Altai-5,-
54389,3884,-,8_Tsu-0,-
54390,3885,g,1_Col-0,g
54391,3885,-,4_Cvi-0,*
54392,3885,g,7_Ler,g
54393,3885,g,3_C24,g
54394,3885,g,6_Kyo,g
54395,3885,g,5_Eri-1,g
54396,3885,g,8_Sha,g
54397,3885,-,2_An-1,*
54398,3885,-,1_Kas-1,-
54399,3885,-,5_Sku-30,-
54400,3885,-,5_Ler,-
54401,3885,-,5_Gro-3,-
54402,3885,-,8_Altai-5,-
54403,3885,-,8_Tsu-0,-
54404,3886,a,1_Col-0,a
54405,3886,-,4_Cvi-0,*
54406,3886,a,7_Ler,a
54407,3886,a,3_C24,a
54408,3886,a,6_Kyo,a
54409,3886,a,5_Eri-1,a
54410,3886,a,8_Sha,a
54411,3886,-,2_An-1,*
54412,3886,-,1_Kas-1,-
54413,3886,-,5_Sku-30,-
54414,3886,-,5_Ler,-
54415,3886,-,5_Gro-3,-
54416,3886,-,8_Altai-5,-
54417,3886,-,8_Tsu-0,-
54418,3887,t,1_Col-0,t
54419,3887,-,4_Cvi-0,*
54420,3887,t,7_Ler,t
54421,3887,t,3_C24,t
54422,3887,t,6_Kyo,t
54423,3887,t,5_Eri-1,t
54424,3887,t,8_Sha,t
54425,3887,-,2_An-1,*
54426,3887,-,1_Kas-1,-
54427,3887,-,5_Sku-30,-
54428,3887,-,5_Ler,-
54429,3887,-,5_Gro-3,-
54430,3887,-,8_Altai-5,-
54431,3887,-,8_Tsu-0,-
54432,3888,g,1_Col-0,g
54433,3888,-,4_Cvi-0,*
54434,3888,g,7_Ler,g
54435,3888,g,3_C24,g
54436,3888,g,6_Kyo,g
54437,3888,g,5_Eri-1,g
54438,3888,g,8_Sha,g
54439,3888,-,2_An-1,*
54440,3888,-,1_Kas-1,-
54441,3888,-,5_Sku-30,-
54442,3888,-,5_Ler,-
54443,3888,-,5_Gro-3,-
54444,3888,-,8_Altai-5,-
54445,3888,-,8_Tsu-0,-
54446,3889,a,1_Col-0,a
54447,3889,a,4_Cvi-0,a
54448,3889,a,7_Ler,a
54449,3889,a,3_C24,a
54450,3889,a,6_Kyo,a
54451,3889,a,5_Eri-1,a
54452,3889,a,8_Sha,a
54453,3889,a,2_An-1,a
54454,3889,-,1_Kas-1,-
54455,3889,-,5_Sku-30,-
54456,3889,-,5_Ler,-
54457,3889,-,5_Gro-3,-
54458,3889,-,8_Altai-5,-
54459,3889,-,8_Tsu-0,-
54460,3890,g,1_Col-0,g
54461,3890,g,4_Cvi-0,g
54462,3890,g,7_Ler,g
54463,3890,g,3_C24,g
54464,3890,g,6_Kyo,g
54465,3890,g,5_Eri-1,g
54466,3890,g,8_Sha,g
54467,3890,g,2_An-1,g
54468,3890,-,1_Kas-1,-
54469,3890,-,5_Sku-30,-
54470,3890,-,5_Ler,-
54471,3890,-,5_Gro-3,-
54472,3890,-,8_Altai-5,-
54473,3890,-,8_Tsu-0,-
54474,3891,c,1_Col-0,c
54475,3891,c,4_Cvi-0,c
54476,3891,c,7_Ler,c
54477,3891,c,3_C24,c
54478,3891,c,6_Kyo,c
54479,3891,a,5_Eri-1,a
54480,3891,a,8_Sha,a
54481,3891,c,2_An-1,c
54482,3891,A,1_Kas-1,A
54483,3891,-,5_Sku-30,-
54484,3891,C,5_Ler,C
54485,3891,-,5_Gro-3,-
54486,3891,C,8_Altai-5,C
54487,3891,C,8_Tsu-0,C
54488,3892,g,1_Col-0,g
54489,3892,g,4_Cvi-0,g
54490,3892,g,7_Ler,g
54491,3892,g,3_C24,g
54492,3892,g,6_Kyo,g
54493,3892,g,5_Eri-1,g
54494,3892,g,8_Sha,g
54495,3892,g,2_An-1,g
54496,3892,-,1_Kas-1,-
54497,3892,-,5_Sku-30,-
54498,3892,-,5_Ler,-
54499,3892,-,5_Gro-3,-
54500,3892,-,8_Altai-5,-
54501,3892,-,8_Tsu-0,-
54502,3893,a,1_Col-0,a
54503,3893,a,4_Cvi-0,a
54504,3893,a,7_Ler,a
54505,3893,a,3_C24,a
54506,3893,a,6_Kyo,a
54507,3893,a,5_Eri-1,a
54508,3893,a,8_Sha,a
54509,3893,a,2_An-1,a
54510,3893,-,1_Kas-1,-
54511,3893,-,5_Sku-30,-
54512,3893,-,5_Ler,-
54513,3893,-,5_Gro-3,-
54514,3893,-,8_Altai-5,-
54515,3893,-,8_Tsu-0,-
54516,3894,a,1_Col-0,a
54517,3894,a,4_Cvi-0,a
54518,3894,a,7_Ler,a
54519,3894,a,3_C24,a
54520,3894,a,6_Kyo,a
54521,3894,a,5_Eri-1,a
54522,3894,a,8_Sha,a
54523,3894,a,2_An-1,a
54524,3894,-,1_Kas-1,-
54525,3894,-,5_Sku-30,-
54526,3894,-,5_Ler,-
54527,3894,-,5_Gro-3,-
54528,3894,-,8_Altai-5,-
54529,3894,-,8_Tsu-0,-
54530,3895,a,1_Col-0,a
54531,3895,a,4_Cvi-0,a
54532,3895,a,7_Ler,a
54533,3895,a,3_C24,a
54534,3895,a,6_Kyo,a
54535,3895,a,5_Eri-1,a
54536,3895,a,8_Sha,a
54537,3895,a,2_An-1,a
54538,3895,-,1_Kas-1,-
54539,3895,-,5_Sku-30,-
54540,3895,-,5_Ler,-
54541,3895,-,5_Gro-3,-
54542,3895,-,8_Altai-5,-
54543,3895,-,8_Tsu-0,-
54544,3896,t,1_Col-0,t
54545,3896,t,4_Cvi-0,t
54546,3896,t,7_Ler,t
54547,3896,t,3_C24,t
54548,3896,t,6_Kyo,t
54549,3896,t,5_Eri-1,t
54550,3896,t,8_Sha,t
54551,3896,t,2_An-1,t
54552,3896,-,1_Kas-1,-
54553,3896,-,5_Sku-30,-
54554,3896,-,5_Ler,-
54555,3896,-,5_Gro-3,-
54556,3896,-,8_Altai-5,-
54557,3896,-,8_Tsu-0,-
54558,3897,-,1_Col-0,*
54559,3897,-,4_Cvi-0,*
54560,3897,-,7_Ler,*
54561,3897,-,3_C24,*
54562,3897,-,6_Kyo,*
54563,3897,t,5_Eri-1,t
54564,3897,t,8_Sha,t
54565,3897,-,2_An-1,*
54566,3897,-,1_Kas-1,-
54567,3897,-,5_Sku-30,-
54568,3897,-,5_Ler,-
54569,3897,-,5_Gro-3,-
54570,3897,-,8_Altai-5,-
54571,3897,-,8_Tsu-0,-
54572,3898,-,1_Col-0,*
54573,3898,-,4_Cvi-0,*
54574,3898,-,7_Ler,*
54575,3898,-,3_C24,*
54576,3898,-,6_Kyo,*
54577,3898,c,5_Eri-1,c
54578,3898,c,8_Sha,c
54579,3898,-,2_An-1,*
54580,3898,-,1_Kas-1,-
54581,3898,-,5_Sku-30,-
54582,3898,-,5_Ler,-
54583,3898,-,5_Gro-3,-
54584,3898,-,8_Altai-5,-
54585,3898,-,8_Tsu-0,-
54586,3899,t,1_Col-0,t
54587,3899,t,4_Cvi-0,t
54588,3899,t,7_Ler,t
54589,3899,t,3_C24,t
54590,3899,t,6_Kyo,t
54591,3899,t,5_Eri-1,t
54592,3899,t,8_Sha,t
54593,3899,t,2_An-1,t
54594,3899,-,1_Kas-1,-
54595,3899,-,5_Sku-30,-
54596,3899,-,5_Ler,-
54597,3899,-,5_Gro-3,-
54598,3899,-,8_Altai-5,-
54599,3899,-,8_Tsu-0,-
54600,3900,c,1_Col-0,c
54601,3900,c,4_Cvi-0,c
54602,3900,c,7_Ler,c
54603,3900,c,3_C24,c
54604,3900,c,6_Kyo,c
54605,3900,c,5_Eri-1,c
54606,3900,c,8_Sha,c
54607,3900,c,2_An-1,c
54608,3900,-,1_Kas-1,-
54609,3900,-,5_Sku-30,-
54610,3900,-,5_Ler,-
54611,3900,-,5_Gro-3,-
54612,3900,-,8_Altai-5,-
54613,3900,-,8_Tsu-0,-
